66.0,95.0,50.0,69.0,73.0,73.0,79.0,45.0,50.0,57.0,40.0,78.0,81.0,70.0,52.0,54.0,69.0,50.0,52.0,76.0,57.0,69.0,37.0,73.0,53.0,56.0,43.0,64.0,79.0,71.0,61.0,61.0,76.0,64.0,71.0,59.0,84.0,100.0,54.0,43.0,58.0,27.0,73.0,78.0,44.0,62.0,62.0,43.0,102.0,52.0,75.0,92.0,60.0,68.0,72.0,71.0,44.0,50.0,33.0,66.0,83.0,85.0,62.0,50.0,64.0,65.0,76.0,74.0,65.0,62.0,64.0,55.0,54.0,56.0,67.0,75.0,74.0,96.0,83.0,69.0,77.0,74.0,55.0,42.0,63.0,60.0,53.0,65.0,47.0,100.0,57.0,67.0,76.0,72.0,63.0,50.0,55.0,47.0,62.0,79.0,76.0,72.0,57.0,68.0,76.0,78.0,62.0,46.0,47.0,86.0,49.0,54.0,28.0,69.0,106.0,68.0,49.0,46.0,54.0,51.0,83.0,39.0,56.0,48.0,65.0,113.0,53.0,49.0,65.0,84.0,110.0,74.0,43.0,54.0,68.0,64.0,69.0,52.0,69.0,28.0,47.0,85.0,39.0,86.0,61.0,108.0,72.0,64.0,71.0,45.0,66.0,74.0,48.0,84.0,55.0,59.0,52.0,30.0,70.0,48.0,77.0,76.0,79.0,70.0,45.0,69.0,70.0,86.0,84.0,44.0,98.0,66.0,58.0,54.0,66.0,53.0,56.0,50.0,105.0,58.0,60.0,66.0,83.0,63.0,89.0,94.0,53.0,45.0,61.0,48.0,53.0,52.0,57.0,60.0,66.0,67.0,69.0,59.0,84.0,61.0,56.0,68.0,59.0,56.0,97.0,106.0,82.0,79.0,45.0,46.0,52.0,50.0,73.0,48.0,53.0,45.0,29.0,67.0,84.0,80.0,59.0,64.0,55.0,76.0,70.0,27.0,82.0,57.0,39.0,41.0,32.0,63.0,83.0,74.0,80.0,44.0,73.0,61.0,74.0,68.0,82.0,68.0,59.0,47.0,55.0,91.0,44.0,67.0,78.0,57.0,57.0,45.0,55.0,54.0,97.0,51.0,53.0,68.0,80.0,43.0,60.0,65.0,86.0,47.0,55.0,92.0,47.0,63.0,90.0,48.0,63.0,61.0,71.0,60.0,79.0,67.0,65.0,45.0,62.0,84.0,48.0,74.0,46.0,97.0,80.0,45.0,78.0,66.0,55.0,48.0,44.0,48.0,40.0,83.0,52.0,44.0,66.0,37.0,148.0,59.0,49.0,66.0,44.0,56.0,51.0,54.0,50.0,61.0,49.0,53.0,83.0,54.0,48.0,58.0,63.0,73.0,44.0,47.0,53.0,55.0,35.0,46.0,45.0,35.0,37.0,66.0,55.0,37.0,62.0,57.0,50.0,60.0,66.0,41.0,27.0,47.0,77.0,68.0,52.0,28.0,67.0,62.0,71.0,45.0,51.0,30.0,63.0,81.0,67.0,61.0,46.0,80.0,68.0,33.0,64.0,36.0,53.0,64.0,42.0,52.0,49.0,43.0,46.0,52.0,50.0,42.0,65.0,90.0,43.0,59.0,53.0,64.0,72.0,67.0,54.0,47.0,53.0,65.0,53.0,74.0,48.0,70.0,41.0,93.0,37.0,62.0,68.0,76.0,59.0,79.0,52.0,63.0,38.0,57.0,62.0,56.0,41.0,55.0,73.0,57.0,86.0,59.0,61.0,63.0,48.0,63.0,55.0,56.0,46.0,51.0,56.0,72.0,54.0,49.0,99.0,80.0,63.0,68.0,71.0,83.0,37.0,54.0,78.0,83.0,68.0,101.0,52.0,72.0,66.0,51.0,33.0,69.0,34.0,45.0,17.0,55.0,28.0,61.0,69.0,43.0,43.0,85.0,55.0,55.0,46.0,32.0,57.0,59.0,62.0,36.0,71.0,88.0,63.0,35.0,62.0,68.0,56.0,53.0,63.0,42.0,47.0,36.0,50.0,44.0,70.0,59.0,54.0,52.0,53.0,44.0,71.0,72.0,49.0,44.0,65.0,44.0,67.0,79.0,81.0,46.0,51.0,50.0,71.0,48.0,58.0,59.0,81.0,66.0,51.0,49.0,57.0,100.0,80.0,66.0,51.0,54.0,87.0,76.0,36.0,55.0,54.0,37.0,47.0,51.0,58.0,58.0,59.0,58.0,71.0,47.0,66.0,76.0,63.0,63.0,60.0,69.0,35.0,47.0,49.0,53.0,60.0,61.0,56.0,48.0,46.0,70.0,69.0,33.0,70.0,97.0,67.0,64.0,70.0,54.0,60.0,59.0,37.0,54.0,36.0,66.0,59.0,43.0,61.0,60.0,87.0,47.0,42.0,47.0,62.0,62.0,39.0,72.0,46.0,57.0,70.0,44.0,61.0,25.0,28.0,107.0,58.0,40.0,77.0,43.0,71.0,61.0,50.0,38.0,60.0,37.0,50.0,37.0,46.0,42.0,62.0,51.0,55.0,46.0,51.0,54.0,45.0,42.0,38.0,82.0,38.0,35.0,55.0,42.0,39.0,73.0,98.0,65.0,30.0,89.0,54.0,53.0,66.0,41.0,33.0,66.0,71.0,44.0,47.0,41.0,40.0,55.0,65.0,45.0,59.0,49.0,50.0,38.0,62.0,49.0,68.0,52.0,61.0,60.0,37.0,48.0,88.0,48.0,20.0,27.0,47.0,37.0,79.0,71.0,55.0,45.0,31.0,43.0,35.0,72.0,50.0,38.0,65.0,31.0,48.0,42.0,128.0,58.0,36.0,42.0,37.0,56.0,48.0,72.0,43.0,62.0,45.0,56.0,43.0,36.0,57.0,46.0,46.0,56.0,50.0,38.0,30.0,71.0,40.0,52.0,46.0,55.0,59.0,35.0,39.0,58.0,43.0,49.0,33.0,37.0,36.0,67.0,54.0,38.0,43.0,32.0,39.0,49.0
38.0,94.0,75.0,118.0,61.0,39.0,135.0,73.0,107.0,73.0,75.0,73.0,87.0,47.0,51.0,69.0,87.0,56.0,49.0,59.0,40.0,46.0,70.0,109.0,44.0,58.0,41.0,69.0,118.0,52.0,69.0,110.0,104.0,95.0,96.0,96.0,105.0,90.0,75.0,74.0,66.0,31.0,63.0,114.0,61.0,72.0,54.0,61.0,129.0,76.0,62.0,106.0,100.0,90.0,62.0,104.0,57.0,48.0,50.0,56.0,101.0,88.0,110.0,49.0,49.0,102.0,66.0,76.0,93.0,98.0,46.0,82.0,48.0,117.0,87.0,72.0,69.0,87.0,96.0,57.0,87.0,70.0,77.0,65.0,73.0,83.0,58.0,58.0,62.0,78.0,67.0,67.0,102.0,83.0,60.0,113.0,82.0,86.0,56.0,111.0,107.0,64.0,69.0,70.0,66.0,98.0,78.0,49.0,46.0,110.0,69.0,50.0,86.0,101.0,138.0,78.0,76.0,47.0,70.0,84.0,67.0,42.0,42.0,45.0,73.0,129.0,93.0,60.0,92.0,94.0,145.0,135.0,56.0,73.0,89.0,110.0,83.0,90.0,52.0,58.0,93.0,168.0,51.0,138.0,75.0,91.0,77.0,94.0,45.0,76.0,119.0,64.0,65.0,78.0,58.0,59.0,57.0,79.0,70.0,68.0,71.0,103.0,86.0,57.0,71.0,71.0,99.0,96.0,46.0,50.0,113.0,63.0,78.0,65.0,96.0,48.0,94.0,63.0,163.0,66.0,44.0,63.0,134.0,79.0,90.0,148.0,92.0,60.0,84.0,59.0,53.0,119.0,81.0,54.0,36.0,94.0,82.0,111.0,102.0,97.0,70.0,128.0,83.0,61.0,137.0,136.0,92.0,127.0,19.0,79.0,54.0,84.0,65.0,67.0,65.0,72.0,84.0,114.0,117.0,61.0,67.0,53.0,57.0,76.0,69.0,59.0,81.0,54.0,39.0,29.0,47.0,95.0,71.0,86.0,64.0,65.0,83.0,120.0,75.0,74.0,122.0,89.0,61.0,76.0,53.0,152.0,46.0,78.0,88.0,28.0,62.0,43.0,42.0,67.0,69.0,72.0,49.0,53.0,76.0,66.0,64.0,52.0,140.0,74.0,84.0,120.0,89.0,47.0,90.0,35.0,95.0,70.0,55.0,161.0,63.0,61.0,68.0,44.0,58.0,116.0,35.0,42.0,41.0,70.0,43.0,43.0,60.0,115.0,59.0,31.0,59.0,69.0,43.0,62.0,40.0,50.0,67.0,43.0,161.0,71.0,79.0,39.0,54.0,64.0,82.0,62.0,50.0,83.0,98.0,83.0,116.0,101.0,82.0,54.0,78.0,83.0,78.0,72.0,62.0,56.0,37.0,54.0,37.0,53.0,38.0,122.0,65.0,29.0,60.0,61.0,62.0,57.0,60.0,48.0,68.0,57.0,76.0,103.0,80.0,48.0,97.0,96.0,68.0,70.0,91.0,43.0,77.0,114.0,50.0,76.0,79.0,77.0,68.0,24.0,144.0,54.0,41.0,83.0,84.0,55.0,89.0,61.0,98.0,72.0,130.0,45.0,68.0,70.0,65.0,86.0,73.0,48.0,76.0,83.0,70.0,77.0,36.0,86.0,112.0,64.0,69.0,107.0,75.0,90.0,90.0,102.0,59.0,58.0,87.0,142.0,76.0,73.0,54.0,179.0,94.0,52.0,44.0,78.0,67.0,74.0,54.0,60.0,77.0,100.0,79.0,45.0,79.0,51.0,60.0,44.0,53.0,78.0,70.0,47.0,144.0,83.0,24.0,128.0,83.0,86.0,56.0,47.0,93.0,88.0,95.0,94.0,69.0,108.0,61.0,82.0,60.0,44.0,61.0,73.0,109.0,55.0,42.0,57.0,100.0,64.0,99.0,117.0,222.0,63.0,26.0,59.0,58.0,74.0,62.0,40.0,90.0,94.0,81.0,53.0,48.0,112.0,62.0,90.0,73.0,57.0,51.0,52.0,98.0,64.0,87.0,52.0,61.0,73.0,64.0,62.0,111.0,93.0,94.0,73.0,65.0,51.0,66.0,89.0,107.0,25.0,70.0,45.0,55.0,71.0,51.0,39.0,89.0,66.0,77.0,56.0,96.0,175.0,74.0,53.0,76.0,95.0,113.0,70.0,50.0,50.0,72.0,42.0,79.0,75.0,58.0,56.0,85.0,74.0,85.0,55.0,102.0,37.0,64.0,91.0,72.0,53.0,78.0,36.0,51.0,72.0,61.0,103.0,84.0,58.0,99.0,60.0,90.0,55.0,101.0,95.0,56.0,75.0,44.0,109.0,85.0,62.0,82.0,71.0,69.0,61.0,45.0,46.0,67.0,75.0,59.0,44.0,77.0,37.0,93.0,55.0,45.0,54.0,58.0,65.0,107.0,73.0,82.0,37.0,37.0,111.0,46.0,57.0,111.0,109.0,56.0,64.0,80.0,37.0,105.0,60.0,86.0,41.0,105.0,69.0,59.0,57.0,48.0,38.0,63.0,54.0,36.0,53.0,58.0,89.0,60.0,35.0,64.0,40.0,38.0,83.0,104.0,27.0,48.0,101.0,63.0,57.0,91.0,89.0,55.0,52.0,71.0,54.0,75.0,44.0,24.0,52.0,62.0,84.0,85.0,35.0,64.0,58.0,75.0,104.0,78.0,43.0,53.0,44.0,60.0,70.0,175.0,59.0,52.0,31.0,72.0,55.0,48.0,65.0,77.0,81.0,69.0,51.0,28.0,124.0,44.0,35.0,80.0,47.0,76.0,52.0,75.0,65.0,42.0,51.0,35.0,42.0,80.0,90.0,99.0,84.0,39.0,55.0,51.0,37.0,63.0,37.0,57.0,89.0,94.0,67.0,50.0,72.0,56.0,62.0,42.0,84.0,62.0,72.0,65.0,75.0,105.0,82.0,55.0,50.0,53.0,69.0,76.0,58.0,81.0,75.0,40.0,52.0
56.0,60.0,82.0,88.0,72.0,59.0,101.0,45.0,48.0,72.0,60.0,101.0,124.0,63.0,60.0,48.0,67.0,44.0,53.0,72.0,56.0,53.0,51.0,65.0,58.0,57.0,31.0,82.0,58.0,45.0,82.0,74.0,129.0,60.0,77.0,64.0,98.0,114.0,87.0,69.0,47.0,44.0,52.0,87.0,54.0,43.0,49.0,53.0,109.0,64.0,111.0,85.0,60.0,80.0,84.0,99.0,57.0,90.0,46.0,79.0,97.0,80.0,56.0,54.0,75.0,89.0,70.0,73.0,66.0,63.0,78.0,86.0,68.0,48.0,89.0,68.0,74.0,38.0,76.0,56.0,74.0,55.0,69.0,59.0,46.0,81.0,55.0,64.0,70.0,87.0,54.0,63.0,68.0,92.0,48.0,69.0,92.0,67.0,41.0,60.0,89.0,89.0,36.0,73.0,85.0,89.0,101.0,50.0,60.0,84.0,56.0,30.0,70.0,29.0,114.0,54.0,52.0,40.0,46.0,38.0,76.0,35.0,47.0,50.0,78.0,100.0,68.0,42.0,73.0,89.0,134.0,67.0,46.0,104.0,63.0,73.0,65.0,57.0,47.0,95.0,42.0,78.0,52.0,64.0,57.0,100.0,59.0,84.0,66.0,37.0,75.0,48.0,58.0,87.0,47.0,65.0,63.0,45.0,81.0,50.0,67.0,97.0,94.0,57.0,31.0,28.0,56.0,77.0,60.0,71.0,90.0,48.0,48.0,43.0,87.0,66.0,48.0,38.0,125.0,66.0,37.0,52.0,100.0,92.0,58.0,100.0,56.0,39.0,83.0,58.0,56.0,44.0,55.0,50.0,44.0,58.0,38.0,80.0,88.0,74.0,64.0,77.0,66.0,72.0,103.0,88.0,104.0,112.0,63.0,65.0,54.0,78.0,87.0,31.0,67.0,52.0,37.0,81.0,81.0,37.0,62.0,86.0,82.0,66.0,53.0,37.0,88.0,71.0,54.0,26.0,38.0,78.0,77.0,71.0,58.0,52.0,93.0,69.0,63.0,81.0,78.0,53.0,58.0,68.0,44.0,69.0,48.0,81.0,80.0,62.0,70.0,54.0,38.0,59.0,117.0,63.0,52.0,46.0,45.0,38.0,59.0,63.0,86.0,74.0,52.0,95.0,62.0,61.0,68.0,54.0,67.0,79.0,49.0,88.0,73.0,53.0,62.0,40.0,46.0,88.0,27.0,43.0,68.0,80.0,75.0,42.0,64.0,58.0,59.0,35.0,49.0,32.0,35.0,51.0,71.0,61.0,76.0,25.0,84.0,59.0,66.0,55.0,32.0,48.0,73.0,48.0,37.0,83.0,45.0,31.0,82.0,65.0,36.0,34.0,41.0,31.0,31.0,59.0,41.0,31.0,36.0,40.0,35.0,41.0,31.0,49.0,53.0,34.0,37.0,29.0,14.0,33.0,20.0,27.0,32.0,27.0,50.0,59.0,77.0,44.0,82.0,70.0,78.0,45.0,65.0,45.0,56.0,89.0,45.0,61.0,67.0,64.0,83.0,41.0,93.0,42.0,53.0,77.0,49.0,48.0,48.0,45.0,62.0,55.0,69.0,34.0,61.0,59.0,33.0,55.0,32.0,36.0,66.0,68.0,31.0,44.0,44.0,66.0,54.0,75.0,53.0,53.0,70.0,52.0,34.0,50.0,57.0,58.0,75.0,60.0,55.0,48.0,43.0,81.0,56.0,40.0,28.0,41.0,51.0,49.0,46.0,65.0,63.0,56.0,57.0,80.0,38.0,69.0,48.0,51.0,40.0,61.0,43.0,56.0,70.0,67.0,31.0,65.0,78.0,89.0,38.0,44.0,45.0,50.0,78.0,75.0,58.0,57.0,45.0,57.0,46.0,83.0,35.0,45.0,42.0,44.0,63.0,59.0,96.0,49.0,62.0,62.0,65.0,54.0,35.0,60.0,78.0,64.0,52.0,30.0,55.0,82.0,48.0,52.0,70.0,58.0,43.0,67.0,64.0,37.0,54.0,38.0,71.0,50.0,66.0,71.0,43.0,34.0,107.0,35.0,79.0,56.0,65.0,47.0,54.0,41.0,58.0,78.0,62.0,46.0,46.0,48.0,50.0,48.0,40.0,52.0,70.0,89.0,44.0,64.0,88.0,95.0,42.0,41.0,76.0,72.0,53.0,32.0,48.0,37.0,40.0,48.0,72.0,61.0,50.0,105.0,82.0,50.0,43.0,57.0,62.0,45.0,76.0,60.0,47.0,52.0,31.0,41.0,33.0,39.0,63.0,55.0,42.0,42.0,40.0,65.0,49.0,32.0,58.0,24.0,52.0,63.0,80.0,55.0,72.0,52.0,45.0,79.0,40.0,79.0,68.0,35.0,53.0,43.0,60.0,53.0,54.0,30.0,51.0,48.0,28.0,39.0,59.0,39.0,48.0,68.0,52.0,19.0,22.0,59.0,24.0,47.0,40.0,43.0,51.0,70.0,71.0,22.0,101.0,38.0,58.0,43.0,50.0,32.0,36.0,40.0,86.0,47.0,62.0,35.0,59.0,32.0,48.0,90.0,60.0,38.0,46.0,52.0,32.0,55.0,68.0,55.0,36.0,55.0,38.0,74.0,42.0,50.0,34.0,68.0,55.0,58.0,42.0,28.0,41.0,45.0,47.0,18.0,34.0,49.0,34.0,21.0,50.0,46.0,53.0,52.0,37.0,61.0,38.0,44.0,46.0,36.0,30.0,38.0,47.0,42.0,76.0,44.0,66.0,39.0,23.0,33.0,19.0,68.0,24.0,31.0,38.0,31.0,64.0,41.0,39.0,55.0,58.0,43.0,30.0,22.0,43.0,43.0,34.0,80.0,51.0,43.0,28.0,29.0,19.0,45.0,37.0,34.0,21.0,25.0,19.0,23.0,17.0,29.0,28.0,23.0,52.0,42.0,23.0,32.0,27.0,21.0,22.0,22.0,12.0,17.0,21.0,24.0,20.0,20.0,31.0,22.0
35.0,29.0,34.0,43.0,34.0,40.0,34.0,25.0,20.0,32.0,23.0,30.0,49.0,29.0,21.0,22.0,26.0,43.0,12.0,30.0,14.0,28.0,26.0,24.0,18.0,32.0,21.0,22.0,32.0,43.0,24.0,25.0,50.0,13.0,54.0,40.0,25.0,45.0,16.0,30.0,26.0,13.0,20.0,38.0,23.0,30.0,18.0,29.0,42.0,42.0,33.0,40.0,14.0,25.0,24.0,51.0,12.0,10.0,12.0,24.0,23.0,40.0,32.0,41.0,19.0,17.0,24.0,21.0,35.0,28.0,21.0,33.0,27.0,23.0,27.0,37.0,37.0,25.0,20.0,40.0,27.0,22.0,29.0,13.0,19.0,32.0,36.0,30.0,30.0,35.0,23.0,46.0,46.0,34.0,29.0,37.0,40.0,30.0,34.0,32.0,21.0,25.0,18.0,34.0,32.0,26.0,36.0,20.0,14.0,21.0,19.0,19.0,23.0,24.0,37.0,16.0,37.0,27.0,33.0,24.0,32.0,21.0,31.0,12.0,27.0,38.0,42.0,18.0,31.0,34.0,32.0,33.0,24.0,16.0,25.0,32.0,21.0,32.0,16.0,28.0,15.0,32.0,33.0,40.0,40.0,33.0,21.0,31.0,25.0,15.0,16.0,25.0,24.0,40.0,23.0,27.0,41.0,19.0,26.0,31.0,20.0,37.0,31.0,12.0,16.0,27.0,26.0,22.0,21.0,34.0,17.0,11.0,36.0,19.0,17.0,34.0,37.0,20.0,53.0,40.0,34.0,11.0,40.0,25.0,30.0,46.0,22.0,30.0,23.0,20.0,15.0,23.0,27.0,20.0,35.0,32.0,18.0,23.0,38.0,21.0,42.0,27.0,34.0,32.0,44.0,34.0,29.0,38.0,20.0,20.0,40.0,40.0,27.0,15.0,25.0,26.0,16.0,17.0,32.0,22.0,16.0,29.0,18.0,34.0,16.0,14.0,52.0,31.0,16.0,8.0,20.0,34.0,19.0,30.0,29.0,30.0,32.0,27.0,42.0,24.0,41.0,24.0,29.0,21.0,20.0,42.0,24.0,24.0,37.0,22.0,36.0,30.0,17.0,23.0,24.0,32.0,32.0,17.0,28.0,22.0,23.0,29.0,40.0,16.0,21.0,17.0,49.0,26.0,21.0,14.0,21.0,28.0,25.0,27.0,16.0,25.0,19.0,11.0,21.0,22.0,22.0,30.0,22.0,47.0,45.0,24.0,34.0,27.0,20.0,16.0,17.0,18.0,26.0,26.0,17.0,25.0,19.0,31.0,25.0,22.0,23.0,17.0,22.0,12.0,15.0,22.0,14.0,23.0,21.0,38.0,25.0,19.0,29.0,26.0,26.0,14.0,27.0,34.0,21.0,30.0,14.0,37.0,13.0,20.0,11.0,30.0,24.0,19.0,13.0,22.0,15.0,18.0,22.0,24.0,26.0,11.0,31.0,37.0,39.0,30.0,32.0,41.0,33.0,25.0,40.0,29.0,26.0,55.0,18.0,24.0,36.0,21.0,40.0,26.0,43.0,24.0,17.0,29.0,20.0,30.0,36.0,25.0,31.0,30.0,39.0,24.0,36.0,20.0,20.0,32.0,22.0,18.0,34.0,25.0,18.0,17.0,26.0,34.0,35.0,21.0,34.0,46.0,31.0,47.0,19.0,20.0,25.0,23.0,35.0,36.0,26.0,31.0,28.0,29.0,24.0,25.0,23.0,25.0,32.0,14.0,21.0,52.0,23.0,35.0,34.0,19.0,43.0,31.0,27.0,23.0,26.0,29.0,14.0,30.0,31.0,25.0,38.0,29.0,27.0,54.0,14.0,16.0,16.0,42.0,45.0,33.0,22.0,35.0,30.0,27.0,21.0,46.0,23.0,21.0,28.0,18.0,30.0,26.0,38.0,26.0,31.0,35.0,36.0,22.0,24.0,23.0,20.0,31.0,29.0,23.0,19.0,24.0,21.0,25.0,23.0,44.0,20.0,44.0,34.0,19.0,26.0,27.0,28.0,27.0,36.0,24.0,26.0,26.0,33.0,10.0,32.0,23.0,52.0,32.0,14.0,17.0,27.0,23.0,24.0,18.0,39.0,28.0,37.0,24.0,20.0,21.0,27.0,34.0,30.0,21.0,35.0,40.0,27.0,32.0,21.0,11.0,45.0,32.0,17.0,25.0,26.0,36.0,16.0,37.0,38.0,31.0,22.0,24.0,35.0,17.0,24.0,21.0,14.0,26.0,21.0,15.0,28.0,19.0,20.0,25.0,27.0,25.0,44.0,16.0,25.0,55.0,25.0,24.0,52.0,41.0,13.0,18.0,25.0,24.0,29.0,34.0,19.0,30.0,18.0,25.0,24.0,17.0,33.0,22.0,46.0,24.0,21.0,24.0,32.0,27.0,11.0,13.0,31.0,19.0,42.0,15.0,35.0,29.0,18.0,25.0,23.0,16.0,25.0,26.0,23.0,21.0,20.0,17.0,50.0,18.0,16.0,22.0,22.0,15.0,24.0,30.0,32.0,29.0,28.0,18.0,15.0,18.0,17.0,40.0,29.0,19.0,14.0,24.0,14.0,18.0,20.0,18.0,27.0,36.0,13.0,25.0,27.0,30.0,23.0,28.0,26.0,31.0,25.0,17.0,12.0,32.0,23.0,20.0,16.0,15.0,19.0,18.0,31.0,17.0,19.0,20.0,25.0,24.0,19.0,24.0,41.0,27.0,12.0,21.0,29.0,33.0,22.0,19.0,24.0,21.0,16.0,23.0,18.0,26.0,31.0,13.0,32.0,11.0,32.0,16.0,29.0,20.0,21.0,23.0,15.0,19.0,37.0,40.0,26.0,20.0,17.0,35.0,13.0,9.0,13.0,23.0,17.0,13.0,24.0,35.0,11.0,28.0,6.0,17.0,19.0,22.0,19.0,32.0,10.0,24.0,20.0,15.0,16.0,12.0,17.0,18.0,18.0,14.0,15.0,19.0,10.0,3.0
8.0,10.0,16.0,19.0,22.0,27.0,33.0,17.0,28.0,9.0,16.0,27.0,36.0,14.0,13.0,11.0,8.0,27.0,16.0,13.0,15.0,17.0,14.0,17.0,22.0,14.0,15.0,13.0,25.0,19.0,25.0,35.0,30.0,19.0,28.0,8.0,45.0,19.0,11.0,7.0,18.0,15.0,14.0,32.0,19.0,10.0,33.0,17.0,32.0,24.0,15.0,25.0,15.0,30.0,14.0,21.0,14.0,4.0,13.0,20.0,8.0,20.0,17.0,13.0,15.0,12.0,13.0,21.0,16.0,16.0,9.0,10.0,7.0,17.0,18.0,13.0,29.0,14.0,10.0,19.0,16.0,15.0,10.0,19.0,10.0,17.0,3.0,7.0,22.0,24.0,21.0,8.0,11.0,15.0,19.0,9.0,22.0,14.0,18.0,16.0,21.0,20.0,26.0,19.0,16.0,26.0,17.0,13.0,9.0,25.0,18.0,6.0,10.0,19.0,39.0,21.0,18.0,16.0,14.0,11.0,37.0,18.0,16.0,14.0,12.0,25.0,18.0,27.0,28.0,26.0,22.0,19.0,5.0,16.0,24.0,26.0,12.0,16.0,29.0,16.0,31.0,24.0,34.0,32.0,11.0,29.0,17.0,22.0,14.0,15.0,5.0,17.0,20.0,19.0,42.0,27.0,12.0,15.0,7.0,19.0,17.0,20.0,31.0,15.0,12.0,8.0,11.0,31.0,19.0,14.0,16.0,7.0,11.0,7.0,15.0,24.0,32.0,15.0,30.0,15.0,12.0,20.0,42.0,10.0,13.0,34.0,24.0,15.0,30.0,19.0,26.0,33.0,8.0,14.0,16.0,24.0,13.0,36.0,23.0,26.0,23.0,11.0,22.0,13.0,31.0,23.0,16.0,10.0,15.0,19.0,27.0,14.0,15.0,17.0,20.0,17.0,14.0,18.0,8.0,11.0,15.0,16.0,8.0,17.0,20.0,22.0,14.0,27.0,9.0,13.0,20.0,18.0,15.0,21.0,15.0,7.0,17.0,25.0,34.0,19.0,26.0,14.0,10.0,12.0,19.0,24.0,12.0,13.0,19.0,20.0,7.0,15.0,15.0,10.0,23.0,12.0,22.0,16.0,21.0,33.0,28.0,17.0,37.0,13.0,29.0,22.0,23.0,25.0,19.0,9.0,28.0,25.0,13.0,13.0,23.0,29.0,16.0,7.0,16.0,19.0,24.0,26.0,20.0,18.0,11.0,12.0,26.0,19.0,18.0,13.0,29.0,19.0,3.0,19.0,14.0,14.0,19.0,8.0,41.0,30.0,16.0,10.0,9.0,9.0,4.0,14.0,15.0,16.0,13.0,21.0,15.0,16.0,21.0,10.0,11.0,24.0,7.0,6.0,23.0,24.0,22.0,21.0,19.0,8.0,15.0,15.0,16.0,17.0,19.0,6.0,11.0,14.0,15.0,9.0,6.0,8.0,6.0,16.0,26.0,19.0,12.0,12.0,18.0,14.0,20.0,19.0,5.0,14.0,13.0,18.0,27.0,17.0,22.0,18.0,22.0,15.0,15.0,10.0,14.0,12.0,4.0,19.0,11.0,8.0,12.0,17.0,11.0,16.0,21.0,4.0,14.0,10.0,6.0,7.0,13.0,17.0,10.0,23.0,12.0,10.0,22.0,15.0,14.0,16.0,16.0,7.0,14.0,16.0,13.0,38.0,10.0,17.0,8.0,12.0,30.0,23.0,24.0,21.0,17.0,37.0,17.0,15.0,21.0,17.0,6.0,16.0,13.0,20.0,19.0,9.0,15.0,25.0,22.0,7.0,20.0,33.0,23.0,24.0,16.0,7.0,5.0,13.0,14.0,15.0,29.0,36.0,12.0,32.0,11.0,18.0,16.0,11.0,16.0,14.0,16.0,14.0,9.0,23.0,16.0,10.0,13.0,10.0,14.0,22.0,24.0,11.0,14.0,27.0,36.0,13.0,29.0,17.0,21.0,12.0,34.0,45.0,13.0,20.0,13.0,14.0,12.0,17.0,13.0,7.0,15.0,17.0,25.0,13.0,32.0,20.0,21.0,25.0,13.0,21.0,16.0,17.0,12.0,21.0,16.0,8.0,8.0,16.0,9.0,19.0,4.0,14.0,11.0,5.0,10.0,15.0,13.0,21.0,31.0,23.0,14.0,14.0,32.0,10.0,18.0,18.0,14.0,17.0,16.0,28.0,16.0,6.0,12.0,7.0,30.0,24.0,17.0,9.0,9.0,27.0,30.0,9.0,11.0,10.0,9.0,9.0,13.0,12.0,19.0,15.0,6.0,14.0,20.0,10.0,19.0,34.0,14.0,18.0,20.0,15.0,16.0,25.0,28.0,13.0,15.0,32.0,8.0,18.0,14.0,19.0,15.0,20.0,7.0,19.0,22.0,12.0,11.0,6.0,18.0,21.0,41.0,6.0,7.0,19.0,14.0,31.0,15.0,9.0,27.0,5.0,16.0,21.0,27.0,9.0,7.0,8.0,10.0,17.0,18.0,19.0,23.0,12.0,11.0,20.0,27.0,5.0,17.0,22.0,7.0,18.0,14.0,26.0,12.0,11.0,16.0,16.0,18.0,20.0,5.0,16.0,14.0,14.0,24.0,9.0,5.0,8.0,13.0,23.0,14.0,12.0,22.0,11.0,17.0,7.0,13.0,6.0,19.0,12.0,20.0,6.0,18.0,3.0,18.0,15.0,15.0,13.0,38.0,15.0,9.0,8.0,5.0,9.0,18.0,7.0,24.0,10.0,4.0,9.0,12.0,25.0,10.0,3.0,15.0,15.0,7.0,13.0,17.0,25.0,1.0,6.0,11.0,16.0,9.0,24.0,15.0,7.0,7.0,15.0,10.0,14.0,19.0,23.0,18.0,14.0,21.0,6.0,8.0,31.0,18.0,8.0,4.0,15.0,9.0,10.0,5.0,18.0,24.0,20.0,14.0,6.0,6.0,22.0,10.0,21.0,13.0,8.0,12.0,5.0
56.0,53.0,57.0,70.0,70.0,63.0,116.0,46.0,76.0,61.0,56.0,96.0,97.0,36.0,48.0,70.0,57.0,71.0,72.0,79.0,46.0,55.0,58.0,79.0,66.0,51.0,55.0,60.0,52.0,53.0,44.0,64.0,96.0,67.0,71.0,90.0,119.0,93.0,87.0,53.0,40.0,35.0,43.0,115.0,43.0,46.0,39.0,63.0,115.0,63.0,69.0,83.0,99.0,81.0,59.0,90.0,44.0,53.0,58.0,72.0,82.0,46.0,82.0,67.0,60.0,51.0,83.0,85.0,73.0,77.0,41.0,78.0,70.0,65.0,63.0,69.0,65.0,73.0,66.0,67.0,78.0,68.0,40.0,53.0,68.0,75.0,35.0,49.0,65.0,75.0,77.0,54.0,66.0,74.0,75.0,74.0,66.0,44.0,50.0,77.0,79.0,79.0,66.0,88.0,43.0,73.0,79.0,53.0,47.0,76.0,73.0,60.0,80.0,53.0,90.0,64.0,55.0,53.0,50.0,38.0,90.0,42.0,49.0,31.0,61.0,146.0,99.0,63.0,86.0,150.0,111.0,103.0,58.0,59.0,80.0,86.0,56.0,60.0,70.0,45.0,59.0,81.0,42.0,77.0,55.0,101.0,67.0,68.0,57.0,58.0,50.0,46.0,51.0,59.0,57.0,53.0,71.0,47.0,75.0,56.0,43.0,72.0,69.0,54.0,39.0,41.0,51.0,61.0,60.0,70.0,84.0,20.0,76.0,27.0,81.0,69.0,91.0,73.0,135.0,72.0,51.0,48.0,100.0,71.0,88.0,115.0,68.0,68.0,96.0,59.0,70.0,75.0,57.0,61.0,46.0,77.0,58.0,82.0,100.0,54.0,51.0,50.0,64.0,48.0,158.0,114.0,75.0,85.0,46.0,47.0,73.0,84.0,66.0,54.0,59.0,38.0,33.0,52.0,75.0,69.0,51.0,65.0,56.0,100.0,54.0,54.0,88.0,46.0,56.0,31.0,56.0,85.0,52.0,70.0,48.0,84.0,76.0,56.0,89.0,45.0,129.0,66.0,63.0,55.0,57.0,104.0,65.0,56.0,51.0,41.0,65.0,94.0,50.0,59.0,113.0,94.0,64.0,65.0,73.0,54.0,84.0,47.0,90.0,60.0,102.0,75.0,66.0,71.0,87.0,38.0,79.0,53.0,70.0,71.0,68.0,74.0,70.0,41.0,70.0,78.0,59.0,66.0,69.0,70.0,74.0,48.0,82.0,120.0,48.0,42.0,52.0,79.0,48.0,95.0,55.0,48.0,64.0,47.0,135.0,90.0,39.0,42.0,68.0,43.0,44.0,55.0,54.0,68.0,62.0,88.0,50.0,54.0,82.0,90.0,60.0,87.0,67.0,50.0,56.0,63.0,46.0,63.0,69.0,42.0,40.0,78.0,50.0,56.0,64.0,71.0,32.0,44.0,51.0,45.0,55.0,52.0,52.0,70.0,47.0,43.0,69.0,89.0,95.0,58.0,61.0,39.0,57.0,109.0,59.0,55.0,62.0,48.0,82.0,29.0,98.0,60.0,62.0,79.0,56.0,54.0,69.0,83.0,71.0,58.0,89.0,53.0,51.0,61.0,64.0,62.0,74.0,41.0,32.0,78.0,51.0,48.0,47.0,86.0,59.0,49.0,86.0,73.0,71.0,64.0,40.0,68.0,79.0,73.0,52.0,98.0,63.0,72.0,34.0,91.0,82.0,91.0,49.0,70.0,49.0,57.0,62.0,61.0,69.0,74.0,66.0,71.0,71.0,67.0,61.0,44.0,26.0,64.0,74.0,35.0,116.0,76.0,58.0,76.0,76.0,89.0,32.0,46.0,45.0,96.0,102.0,129.0,30.0,101.0,72.0,50.0,57.0,71.0,58.0,55.0,25.0,51.0,68.0,62.0,60.0,74.0,56.0,58.0,43.0,68.0,45.0,52.0,58.0,69.0,83.0,76.0,81.0,101.0,79.0,45.0,90.0,136.0,68.0,95.0,64.0,55.0,53.0,49.0,46.0,53.0,123.0,74.0,56.0,55.0,95.0,62.0,75.0,66.0,69.0,82.0,50.0,44.0,44.0,62.0,67.0,40.0,59.0,31.0,73.0,51.0,59.0,45.0,73.0,58.0,52.0,36.0,65.0,144.0,97.0,51.0,89.0,45.0,129.0,54.0,36.0,74.0,57.0,66.0,57.0,82.0,68.0,50.0,43.0,54.0,79.0,54.0,68.0,46.0,55.0,79.0,58.0,31.0,52.0,49.0,44.0,46.0,61.0,67.0,68.0,52.0,79.0,58.0,89.0,40.0,79.0,92.0,45.0,52.0,92.0,82.0,72.0,49.0,73.0,73.0,55.0,62.0,37.0,44.0,80.0,81.0,82.0,95.0,35.0,39.0,95.0,34.0,52.0,32.0,35.0,44.0,82.0,58.0,55.0,58.0,53.0,115.0,49.0,44.0,108.0,50.0,63.0,59.0,77.0,21.0,68.0,40.0,62.0,65.0,66.0,62.0,78.0,55.0,53.0,52.0,71.0,46.0,43.0,40.0,52.0,72.0,57.0,87.0,49.0,27.0,48.0,53.0,93.0,32.0,26.0,67.0,81.0,86.0,97.0,65.0,61.0,67.0,76.0,63.0,52.0,63.0,41.0,67.0,53.0,36.0,58.0,43.0,48.0,66.0,76.0,70.0,57.0,56.0,69.0,44.0,62.0,51.0,153.0,53.0,54.0,51.0,39.0,34.0,41.0,58.0,60.0,66.0,67.0,36.0,25.0,57.0,46.0,49.0,94.0,62.0,56.0,32.0,80.0,58.0,51.0,46.0,69.0,44.0,53.0,57.0,41.0,64.0,44.0,41.0,40.0,53.0,18.0,34.0,65.0,62.0,75.0,36.0,28.0,98.0,53.0,59.0,44.0,56.0,53.0,65.0,53.0,61.0,72.0,85.0,55.0,29.0,47.0,76.0,44.0,47.0,37.0,67.0,33.0,57.0
74.0,55.0,92.0,128.0,89.0,63.0,132.0,49.0,77.0,63.0,79.0,74.0,157.0,70.0,59.0,98.0,59.0,93.0,48.0,85.0,73.0,110.0,80.0,86.0,98.0,69.0,44.0,143.0,92.0,56.0,75.0,149.0,220.0,113.0,99.0,119.0,113.0,206.0,95.0,91.0,79.0,42.0,69.0,106.0,69.0,42.0,76.0,92.0,128.0,104.0,84.0,139.0,115.0,106.0,134.0,135.0,57.0,72.0,47.0,106.0,78.0,95.0,59.0,78.0,104.0,76.0,135.0,93.0,78.0,86.0,96.0,109.0,59.0,74.0,101.0,78.0,107.0,71.0,82.0,87.0,114.0,90.0,107.0,81.0,65.0,128.0,68.0,59.0,88.0,104.0,105.0,67.0,84.0,132.0,112.0,93.0,138.0,77.0,81.0,78.0,119.0,103.0,71.0,77.0,58.0,135.0,118.0,45.0,46.0,92.0,67.0,82.0,72.0,85.0,125.0,68.0,50.0,71.0,67.0,48.0,64.0,50.0,65.0,61.0,60.0,150.0,68.0,61.0,103.0,111.0,153.0,93.0,63.0,111.0,75.0,127.0,101.0,36.0,76.0,96.0,64.0,103.0,69.0,101.0,112.0,98.0,88.0,128.0,99.0,60.0,65.0,70.0,55.0,120.0,68.0,93.0,108.0,50.0,58.0,74.0,71.0,105.0,120.0,83.0,83.0,72.0,96.0,66.0,92.0,96.0,115.0,72.0,60.0,66.0,94.0,72.0,75.0,67.0,153.0,70.0,63.0,68.0,119.0,97.0,101.0,110.0,76.0,75.0,91.0,54.0,48.0,76.0,103.0,85.0,65.0,75.0,58.0,77.0,105.0,139.0,81.0,88.0,65.0,69.0,143.0,72.0,111.0,90.0,89.0,46.0,68.0,84.0,59.0,74.0,127.0,60.0,55.0,67.0,125.0,71.0,87.0,73.0,83.0,95.0,64.0,50.0,161.0,73.0,49.0,55.0,44.0,62.0,98.0,139.0,63.0,103.0,70.0,92.0,81.0,81.0,88.0,90.0,89.0,71.0,83.0,133.0,41.0,120.0,95.0,105.0,69.0,34.0,36.0,74.0,55.0,98.0,66.0,71.0,100.0,61.0,85.0,59.0,91.0,80.0,51.0,95.0,123.0,69.0,80.0,103.0,103.0,78.0,64.0,89.0,86.0,84.0,64.0,46.0,103.0,99.0,53.0,67.0,53.0,93.0,129.0,84.0,93.0,102.0,68.0,49.0,60.0,29.0,44.0,66.0,85.0,85.0,103.0,36.0,116.0,73.0,88.0,49.0,52.0,102.0,74.0,117.0,60.0,70.0,59.0,69.0,85.0,79.0,52.0,41.0,83.0,58.0,63.0,63.0,78.0,51.0,41.0,84.0,62.0,55.0,34.0,100.0,80.0,63.0,87.0,56.0,39.0,48.0,35.0,42.0,63.0,28.0,60.0,70.0,91.0,46.0,83.0,96.0,79.0,85.0,128.0,44.0,51.0,225.0,66.0,66.0,93.0,65.0,129.0,52.0,118.0,37.0,57.0,97.0,113.0,75.0,78.0,91.0,61.0,86.0,76.0,50.0,80.0,154.0,56.0,72.0,63.0,76.0,91.0,68.0,70.0,81.0,55.0,64.0,82.0,120.0,74.0,127.0,104.0,104.0,44.0,130.0,71.0,69.0,93.0,107.0,85.0,56.0,86.0,79.0,36.0,47.0,162.0,93.0,94.0,58.0,56.0,109.0,74.0,88.0,103.0,61.0,65.0,120.0,84.0,53.0,66.0,89.0,75.0,89.0,136.0,98.0,34.0,84.0,114.0,138.0,52.0,45.0,52.0,101.0,144.0,107.0,45.0,68.0,71.0,76.0,60.0,67.0,52.0,101.0,56.0,76.0,52.0,92.0,91.0,47.0,109.0,75.0,108.0,79.0,37.0,74.0,82.0,184.0,56.0,51.0,100.0,125.0,117.0,60.0,82.0,105.0,63.0,146.0,80.0,75.0,40.0,92.0,108.0,70.0,87.0,63.0,56.0,100.0,79.0,40.0,109.0,110.0,47.0,88.0,78.0,44.0,38.0,156.0,90.0,31.0,82.0,94.0,88.0,76.0,74.0,65.0,77.0,88.0,68.0,72.0,85.0,71.0,103.0,60.0,66.0,77.0,75.0,62.0,57.0,42.0,106.0,120.0,51.0,50.0,72.0,109.0,69.0,81.0,94.0,83.0,99.0,108.0,58.0,82.0,68.0,77.0,51.0,37.0,60.0,61.0,92.0,67.0,64.0,46.0,104.0,79.0,82.0,78.0,139.0,91.0,51.0,88.0,123.0,65.0,82.0,73.0,75.0,80.0,49.0,78.0,54.0,39.0,71.0,60.0,83.0,64.0,51.0,73.0,65.0,61.0,60.0,76.0,71.0,60.0,76.0,64.0,80.0,38.0,43.0,107.0,40.0,74.0,75.0,51.0,76.0,80.0,85.0,48.0,104.0,46.0,83.0,70.0,117.0,64.0,65.0,56.0,125.0,65.0,136.0,54.0,61.0,42.0,45.0,157.0,52.0,58.0,73.0,80.0,42.0,95.0,109.0,108.0,39.0,123.0,58.0,83.0,68.0,56.0,53.0,99.0,115.0,73.0,71.0,79.0,65.0,47.0,66.0,65.0,79.0,76.0,62.0,96.0,68.0,64.0,80.0,54.0,44.0,57.0,55.0,65.0,113.0,77.0,28.0,35.0,91.0,49.0,115.0,58.0,75.0,46.0,69.0,67.0,45.0,111.0,74.0,62.0,64.0,47.0,94.0,55.0,89.0,87.0,51.0,61.0,36.0,68.0,72.0,81.0,65.0,103.0,74.0,78.0,61.0,45.0,50.0,49.0,64.0,44.0,73.0,73.0,45.0,51.0,48.0,59.0,41.0,52.0,66.0,29.0,43.0,53.0,81.0,71.0,24.0,55.0,54.0,65.0,73.0,33.0,52.0,49.0,38.0,52.0
88.0,71.0,99.0,106.0,91.0,90.0,143.0,59.0,86.0,78.0,63.0,116.0,146.0,56.0,59.0,98.0,80.0,84.0,72.0,99.0,67.0,64.0,55.0,122.0,82.0,74.0,59.0,87.0,54.0,61.0,64.0,73.0,136.0,103.0,104.0,137.0,144.0,124.0,91.0,76.0,51.0,50.0,61.0,153.0,79.0,93.0,80.0,84.0,188.0,61.0,98.0,118.0,101.0,87.0,96.0,132.0,68.0,83.0,60.0,93.0,126.0,85.0,133.0,90.0,84.0,97.0,83.0,100.0,65.0,152.0,58.0,91.0,82.0,102.0,86.0,96.0,71.0,66.0,80.0,114.0,118.0,75.0,72.0,75.0,62.0,108.0,44.0,66.0,73.0,86.0,85.0,91.0,104.0,116.0,143.0,103.0,79.0,80.0,61.0,86.0,94.0,141.0,102.0,90.0,58.0,75.0,83.0,105.0,75.0,79.0,76.0,88.0,96.0,76.0,171.0,102.0,71.0,58.0,96.0,42.0,176.0,49.0,39.0,53.0,105.0,150.0,157.0,71.0,129.0,198.0,157.0,128.0,103.0,96.0,81.0,108.0,68.0,79.0,82.0,54.0,82.0,131.0,104.0,164.0,90.0,127.0,109.0,99.0,67.0,70.0,80.0,51.0,100.0,88.0,109.0,100.0,108.0,72.0,102.0,70.0,108.0,93.0,108.0,86.0,70.0,64.0,58.0,77.0,94.0,63.0,98.0,50.0,107.0,44.0,125.0,91.0,88.0,62.0,132.0,88.0,81.0,77.0,101.0,119.0,107.0,151.0,102.0,93.0,104.0,63.0,84.0,71.0,55.0,75.0,81.0,127.0,92.0,132.0,109.0,115.0,57.0,98.0,98.0,59.0,140.0,190.0,103.0,93.0,60.0,78.0,101.0,99.0,64.0,53.0,68.0,68.0,64.0,99.0,101.0,63.0,72.0,74.0,71.0,89.0,82.0,63.0,112.0,57.0,58.0,64.0,68.0,96.0,71.0,104.0,84.0,103.0,59.0,94.0,138.0,53.0,179.0,80.0,113.0,64.0,61.0,143.0,82.0,90.0,85.0,67.0,73.0,87.0,53.0,99.0,133.0,113.0,96.0,76.0,93.0,94.0,125.0,74.0,140.0,69.0,106.0,135.0,87.0,68.0,150.0,69.0,134.0,93.0,76.0,83.0,95.0,110.0,90.0,52.0,69.0,113.0,70.0,103.0,60.0,104.0,77.0,90.0,97.0,127.0,92.0,87.0,56.0,90.0,56.0,109.0,89.0,62.0,87.0,67.0,152.0,84.0,64.0,69.0,97.0,88.0,58.0,57.0,76.0,82.0,94.0,109.0,68.0,125.0,114.0,136.0,84.0,134.0,93.0,74.0,52.0,123.0,36.0,80.0,72.0,56.0,68.0,98.0,79.0,62.0,111.0,78.0,48.0,62.0,105.0,72.0,57.0,59.0,79.0,107.0,88.0,66.0,80.0,64.0,105.0,70.0,92.0,82.0,99.0,99.0,52.0,81.0,100.0,77.0,130.0,43.0,112.0,62.0,52.0,79.0,102.0,33.0,105.0,104.0,91.0,98.0,111.0,61.0,66.0,125.0,129.0,64.0,89.0,55.0,81.0,57.0,59.0,86.0,48.0,106.0,70.0,93.0,88.0,111.0,100.0,69.0,47.0,110.0,91.0,109.0,101.0,124.0,84.0,69.0,39.0,73.0,137.0,49.0,33.0,81.0,90.0,71.0,75.0,93.0,121.0,105.0,67.0,124.0,112.0,73.0,105.0,26.0,53.0,106.0,117.0,35.0,132.0,91.0,67.0,86.0,72.0,118.0,65.0,55.0,88.0,86.0,118.0,120.0,45.0,129.0,105.0,81.0,95.0,87.0,108.0,64.0,65.0,52.0,99.0,83.0,94.0,98.0,61.0,84.0,70.0,68.0,77.0,75.0,103.0,108.0,118.0,69.0,101.0,138.0,92.0,62.0,121.0,119.0,58.0,100.0,69.0,69.0,60.0,42.0,75.0,54.0,148.0,82.0,81.0,84.0,262.0,94.0,111.0,95.0,100.0,91.0,78.0,78.0,74.0,60.0,88.0,55.0,82.0,44.0,76.0,71.0,65.0,66.0,80.0,83.0,75.0,75.0,86.0,169.0,127.0,70.0,138.0,52.0,168.0,64.0,61.0,125.0,68.0,59.0,78.0,112.0,66.0,71.0,62.0,75.0,87.0,60.0,84.0,41.0,73.0,103.0,85.0,67.0,48.0,68.0,48.0,47.0,103.0,79.0,112.0,128.0,74.0,79.0,98.0,37.0,81.0,161.0,67.0,75.0,104.0,102.0,80.0,68.0,87.0,80.0,54.0,87.0,50.0,37.0,123.0,104.0,109.0,108.0,50.0,47.0,104.0,59.0,62.0,46.0,62.0,94.0,88.0,84.0,76.0,66.0,40.0,151.0,25.0,46.0,111.0,44.0,47.0,105.0,113.0,40.0,64.0,85.0,73.0,63.0,78.0,88.0,121.0,68.0,65.0,83.0,64.0,57.0,64.0,83.0,83.0,94.0,67.0,75.0,55.0,61.0,69.0,66.0,55.0,74.0,61.0,134.0,76.0,93.0,141.0,67.0,64.0,46.0,118.0,55.0,83.0,49.0,64.0,80.0,65.0,64.0,77.0,57.0,71.0,73.0,101.0,60.0,87.0,94.0,75.0,69.0,72.0,69.0,222.0,75.0,58.0,42.0,40.0,48.0,58.0,61.0,89.0,91.0,73.0,63.0,53.0,87.0,69.0,53.0,65.0,78.0,60.0,41.0,101.0,94.0,61.0,81.0,71.0,73.0,102.0,73.0,66.0,88.0,70.0,74.0,44.0,53.0,111.0,65.0,52.0,71.0,127.0,56.0,31.0,188.0,57.0,90.0,40.0,41.0,55.0,75.0,41.0,73.0,89.0,57.0,75.0,53.0,63.0,112.0,62.0,76.0,82.0,69.0,48.0,60.0
32.0,34.0,60.0,62.0,48.0,23.0,55.0,36.0,76.0,28.0,37.0,91.0,57.0,38.0,20.0,45.0,36.0,38.0,34.0,54.0,29.0,40.0,44.0,58.0,42.0,24.0,27.0,38.0,20.0,30.0,26.0,42.0,59.0,56.0,62.0,65.0,61.0,59.0,25.0,37.0,34.0,28.0,51.0,50.0,32.0,22.0,33.0,40.0,72.0,62.0,18.0,53.0,52.0,43.0,34.0,62.0,45.0,34.0,16.0,47.0,33.0,49.0,45.0,34.0,55.0,20.0,43.0,61.0,25.0,44.0,27.0,33.0,63.0,45.0,39.0,44.0,50.0,27.0,57.0,37.0,34.0,46.0,46.0,31.0,28.0,54.0,15.0,29.0,37.0,62.0,30.0,39.0,48.0,56.0,63.0,58.0,44.0,29.0,43.0,23.0,52.0,54.0,29.0,43.0,18.0,46.0,45.0,26.0,28.0,49.0,28.0,37.0,30.0,43.0,69.0,25.0,24.0,28.0,30.0,19.0,73.0,40.0,17.0,27.0,37.0,72.0,44.0,22.0,75.0,45.0,65.0,54.0,35.0,18.0,39.0,73.0,35.0,32.0,62.0,31.0,60.0,64.0,31.0,74.0,32.0,62.0,59.0,60.0,51.0,30.0,27.0,24.0,34.0,33.0,55.0,40.0,38.0,27.0,33.0,32.0,26.0,38.0,61.0,46.0,39.0,26.0,31.0,27.0,33.0,22.0,47.0,29.0,35.0,30.0,52.0,45.0,52.0,30.0,64.0,20.0,26.0,28.0,73.0,57.0,40.0,59.0,40.0,39.0,49.0,29.0,30.0,39.0,34.0,23.0,36.0,40.0,24.0,40.0,68.0,46.0,46.0,42.0,55.0,37.0,62.0,73.0,75.0,66.0,18.0,23.0,30.0,42.0,33.0,29.0,35.0,26.0,27.0,39.0,52.0,50.0,35.0,50.0,35.0,54.0,34.0,15.0,94.0,14.0,33.0,22.0,47.0,52.0,39.0,67.0,47.0,35.0,43.0,33.0,59.0,44.0,47.0,46.0,52.0,31.0,34.0,65.0,37.0,55.0,49.0,25.0,42.0,26.0,11.0,23.0,54.0,27.0,51.0,21.0,49.0,42.0,51.0,23.0,33.0,25.0,45.0,178.0,64.0,35.0,37.0,29.0,46.0,29.0,25.0,54.0,40.0,53.0,31.0,17.0,43.0,58.0,31.0,34.0,44.0,33.0,43.0,26.0,60.0,29.0,30.0,18.0,50.0,27.0,25.0,42.0,44.0,16.0,44.0,18.0,64.0,45.0,42.0,27.0,35.0,36.0,31.0,41.0,28.0,28.0,25.0,51.0,36.0,37.0,48.0,50.0,44.0,38.0,33.0,32.0,14.0,37.0,21.0,40.0,39.0,37.0,20.0,42.0,24.0,23.0,36.0,40.0,17.0,20.0,35.0,37.0,18.0,28.0,35.0,52.0,52.0,38.0,41.0,36.0,46.0,59.0,38.0,29.0,39.0,53.0,34.0,37.0,34.0,28.0,50.0,14.0,45.0,23.0,28.0,62.0,47.0,38.0,38.0,71.0,33.0,62.0,55.0,24.0,36.0,44.0,37.0,28.0,23.0,31.0,38.0,54.0,24.0,37.0,33.0,53.0,37.0,40.0,52.0,53.0,41.0,43.0,26.0,51.0,46.0,44.0,35.0,56.0,47.0,56.0,23.0,23.0,36.0,27.0,33.0,49.0,35.0,41.0,30.0,58.0,42.0,48.0,53.0,39.0,70.0,54.0,23.0,27.0,36.0,36.0,26.0,32.0,76.0,32.0,27.0,49.0,50.0,42.0,29.0,41.0,30.0,41.0,87.0,63.0,36.0,57.0,44.0,52.0,34.0,27.0,42.0,36.0,21.0,23.0,48.0,53.0,31.0,28.0,28.0,42.0,34.0,50.0,24.0,28.0,52.0,64.0,65.0,29.0,70.0,57.0,49.0,24.0,44.0,45.0,29.0,65.0,49.0,47.0,46.0,42.0,43.0,28.0,63.0,42.0,33.0,30.0,36.0,44.0,56.0,54.0,42.0,52.0,30.0,24.0,29.0,61.0,38.0,13.0,52.0,21.0,26.0,37.0,22.0,47.0,52.0,52.0,45.0,28.0,41.0,105.0,55.0,35.0,38.0,42.0,81.0,34.0,36.0,57.0,54.0,50.0,29.0,60.0,36.0,37.0,43.0,36.0,37.0,45.0,38.0,34.0,27.0,62.0,30.0,29.0,45.0,32.0,27.0,51.0,44.0,16.0,42.0,32.0,49.0,40.0,53.0,28.0,45.0,64.0,38.0,41.0,52.0,43.0,47.0,38.0,41.0,47.0,21.0,48.0,40.0,9.0,55.0,43.0,53.0,46.0,26.0,15.0,52.0,36.0,44.0,18.0,29.0,34.0,54.0,40.0,33.0,39.0,29.0,68.0,38.0,40.0,34.0,42.0,17.0,46.0,52.0,19.0,60.0,30.0,44.0,40.0,43.0,36.0,52.0,23.0,67.0,42.0,44.0,38.0,32.0,37.0,22.0,67.0,30.0,36.0,24.0,32.0,24.0,37.0,31.0,30.0,18.0,60.0,27.0,38.0,28.0,29.0,14.0,32.0,46.0,36.0,32.0,21.0,16.0,34.0,43.0,49.0,15.0,22.0,28.0,29.0,42.0,30.0,45.0,42.0,37.0,61.0,43.0,31.0,94.0,53.0,20.0,29.0,30.0,22.0,44.0,25.0,27.0,24.0,37.0,23.0,23.0,27.0,24.0,21.0,44.0,16.0,37.0,18.0,46.0,17.0,32.0,29.0,20.0,35.0,28.0,47.0,28.0,69.0,39.0,37.0,43.0,41.0,36.0,22.0,42.0,35.0,24.0,30.0,27.0,52.0,17.0,19.0,33.0,21.0,31.0,37.0,24.0,26.0,50.0,33.0,29.0,22.0,16.0,36.0,38.0,15.0,41.0,40.0,36.0,26.0
85.0,65.0,136.0,167.0,126.0,95.0,203.0,92.0,119.0,84.0,110.0,136.0,181.0,53.0,95.0,133.0,89.0,93.0,55.0,117.0,68.0,94.0,99.0,116.0,111.0,60.0,102.0,122.0,121.0,78.0,75.0,124.0,169.0,120.0,147.0,171.0,114.0,176.0,104.0,72.0,94.0,67.0,74.0,124.0,83.0,58.0,97.0,93.0,198.0,97.0,167.0,174.0,120.0,92.0,103.0,174.0,102.0,133.0,62.0,87.0,154.0,170.0,97.0,94.0,116.0,76.0,73.0,179.0,82.0,117.0,81.0,120.0,70.0,73.0,88.0,98.0,143.0,99.0,129.0,162.0,159.0,88.0,111.0,126.0,98.0,141.0,69.0,75.0,122.0,160.0,101.0,87.0,114.0,141.0,127.0,109.0,145.0,101.0,118.0,84.0,113.0,138.0,103.0,112.0,66.0,143.0,133.0,84.0,73.0,132.0,64.0,52.0,101.0,135.0,171.0,84.0,98.0,58.0,107.0,36.0,101.0,80.0,72.0,46.0,108.0,150.0,120.0,63.0,141.0,157.0,163.0,122.0,80.0,85.0,130.0,114.0,107.0,99.0,86.0,91.0,87.0,146.0,65.0,115.0,71.0,141.0,119.0,135.0,77.0,53.0,115.0,85.0,57.0,123.0,113.0,115.0,106.0,70.0,74.0,65.0,76.0,113.0,105.0,85.0,79.0,76.0,86.0,97.0,121.0,114.0,108.0,73.0,107.0,80.0,115.0,103.0,119.0,111.0,194.0,89.0,80.0,75.0,163.0,127.0,114.0,150.0,103.0,87.0,180.0,62.0,67.0,89.0,96.0,80.0,64.0,92.0,89.0,126.0,163.0,137.0,128.0,116.0,91.0,122.0,160.0,123.0,115.0,154.0,66.0,76.0,83.0,110.0,78.0,79.0,110.0,76.0,78.0,116.0,120.0,121.0,109.0,125.0,69.0,72.0,80.0,83.0,152.0,85.0,82.0,53.0,87.0,85.0,127.0,153.0,78.0,115.0,91.0,104.0,131.0,120.0,113.0,124.0,119.0,103.0,101.0,158.0,72.0,104.0,101.0,63.0,121.0,95.0,59.0,83.0,117.0,93.0,91.0,53.0,95.0,99.0,85.0,62.0,125.0,60.0,109.0,93.0,128.0,102.0,158.0,66.0,135.0,93.0,83.0,118.0,95.0,106.0,74.0,35.0,122.0,102.0,41.0,95.0,119.0,136.0,158.0,58.0,112.0,125.0,55.0,47.0,78.0,67.0,79.0,112.0,101.0,78.0,93.0,43.0,135.0,87.0,103.0,56.0,61.0,78.0,65.0,125.0,70.0,87.0,86.0,113.0,119.0,147.0,91.0,66.0,88.0,105.0,69.0,80.0,148.0,76.0,39.0,90.0,76.0,87.0,58.0,85.0,64.0,48.0,70.0,76.0,56.0,66.0,59.0,41.0,73.0,37.0,84.0,114.0,99.0,97.0,135.0,121.0,132.0,100.0,116.0,78.0,74.0,166.0,42.0,140.0,101.0,94.0,154.0,58.0,131.0,57.0,63.0,115.0,85.0,71.0,115.0,99.0,81.0,112.0,152.0,86.0,93.0,161.0,71.0,116.0,80.0,84.0,111.0,119.0,67.0,90.0,72.0,128.0,97.0,94.0,73.0,174.0,146.0,104.0,86.0,125.0,141.0,89.0,118.0,102.0,122.0,104.0,61.0,173.0,93.0,71.0,86.0,98.0,97.0,110.0,89.0,121.0,96.0,103.0,159.0,93.0,104.0,143.0,100.0,46.0,87.0,94.0,97.0,123.0,173.0,120.0,79.0,121.0,131.0,207.0,60.0,63.0,117.0,97.0,149.0,163.0,97.0,106.0,83.0,99.0,98.0,122.0,96.0,87.0,74.0,57.0,96.0,113.0,86.0,92.0,107.0,128.0,343.0,106.0,70.0,83.0,120.0,135.0,67.0,103.0,81.0,174.0,133.0,84.0,121.0,126.0,82.0,218.0,141.0,86.0,91.0,70.0,95.0,100.0,136.0,114.0,76.0,70.0,72.0,94.0,162.0,157.0,79.0,109.0,91.0,62.0,59.0,176.0,155.0,60.0,97.0,65.0,89.0,117.0,84.0,110.0,83.0,80.0,92.0,67.0,97.0,159.0,112.0,56.0,86.0,98.0,128.0,94.0,70.0,110.0,107.0,120.0,112.0,124.0,101.0,145.0,103.0,74.0,110.0,62.0,85.0,97.0,83.0,151.0,50.0,67.0,114.0,83.0,84.0,71.0,130.0,99.0,93.0,29.0,120.0,130.0,129.0,51.0,166.0,129.0,69.0,113.0,187.0,130.0,124.0,100.0,152.0,98.0,68.0,142.0,95.0,56.0,105.0,95.0,103.0,68.0,90.0,85.0,139.0,78.0,57.0,50.0,68.0,81.0,118.0,115.0,124.0,59.0,51.0,139.0,45.0,73.0,101.0,114.0,53.0,102.0,121.0,54.0,149.0,66.0,132.0,79.0,105.0,87.0,147.0,76.0,105.0,95.0,129.0,67.0,109.0,74.0,70.0,171.0,80.0,96.0,78.0,67.0,79.0,114.0,124.0,116.0,71.0,146.0,68.0,88.0,123.0,88.0,51.0,127.0,97.0,92.0,84.0,61.0,52.0,89.0,118.0,65.0,71.0,56.0,97.0,102.0,119.0,70.0,87.0,81.0,69.0,76.0,81.0,69.0,150.0,68.0,57.0,21.0,123.0,54.0,88.0,58.0,128.0,98.0,72.0,63.0,47.0,132.0,95.0,62.0,101.0,55.0,109.0,81.0,119.0,77.0,65.0,63.0,40.0,98.0,95.0,96.0,83.0,80.0,88.0,93.0,50.0,45.0,74.0,68.0,72.0,101.0,95.0,100.0,49.0,86.0,33.0,86.0,49.0,75.0,58.0,56.0,58.0,51.0,80.0,89.0,82.0,63.0,52.0,71.0,83.0,69.0,99.0,84.0,43.0,51.0
