0.0,0.0,124.0,103.0,0.0,264.0,0.0,0.0,195.0,646.0,283.0,2.0,511.0,1262.0,224.0,354.0,326.0,74.0,16.0,94.0,146.0,0.0,696.0,147.0,460.0,0.0,2.0,616.0,432.0,0.0,0.0,542.0,39.0,18.0,49.0,0.0,1004.0,445.0,22.0,0.0,626.0,0.0,112.0,24.0,886.0,0.0,226.0,98.0,2.0,2.0,1151.0,1596.0,0.0,0.0,287.0,700.0,0.0,0.0,1185.0,70.0,109.0,63.0,0.0,507.0,2.0,84.0,110.0,59.0,84.0,36.0,16.0,510.0,529.0,1.0,330.0,52.0,248.0,0.0,92.0,0.0,0.0,86.0,0.0,0.0,669.0,0.0,0.0,407.0,0.0,0.0,0.0,0.0,0.0,996.0,0.0,2.0,82.0,22.0,429.0,0.0,0.0,70.0,368.0,0.0,626.0,0.0,142.0,360.0,227.0,98.0,0.0,0.0,112.0,0.0,24.0,46.0,121.0,302.0,362.0,206.0,2.0,214.0,0.0,1168.0,565.0,0.0,246.0,0.0,422.0,36.0,104.0,0.0,0.0,216.0,0.0,0.0,0.0,771.0,0.0,109.0,2.0,116.0,72.0,72.0,84.0,310.0,94.0,150.0,318.0,0.0,0.0,1077.0,89.0,38.0,44.0,0.0,591.0,2.0,0.0,622.0,0.0,0.0,258.0,2.0,1085.0,38.0,116.0,70.0,241.0,229.0,1587.0,807.0,58.0,120.0,554.0,2301.0,4.0,1276.0,0.0,1305.0,149.0,202.0,104.0,0.0,81.0,141.0,48.0,132.0,22.0,0.0,0.0,16.0,315.0,0.0,298.0,0.0,26.0,0.0,12.0,621.0,35.0,515.0,2.0,184.0,42.0,33.0,0.0,62.0,445.0,336.0,0.0,38.0,0.0,247.0,276.0,282.0,150.0,141.0,0.0,323.0,8.0,475.0,128.0,0.0,210.0,58.0,307.0,417.0,104.0,0.0,1234.0,8.0,192.0,235.0,58.0,0.0,0.0,0.0,260.0,52.0,76.0,448.0,56.0,207.0,239.0,0.0,368.0,0.0,296.0,246.0,44.0,28.0,0.0,0.0,54.0,0.0,0.0,8.0,69.0,36.0,0.0,135.0,33.0,47.0,2.0,126.0,0.0,106.0,14.0,41.0,52.0,14.0,0.0,14.0,3.0,44.0,0.0,0.0,10.0,138.0,0.0,116.0,99.0,10.0,0.0,0.0,2.0,90.0,564.0,18.0,6.0,0.0,118.0,36.0,12.0,52.0,48.0,131.0,18.0,0.0,169.0,120.0,2.0,216.0,41.0,307.0,0.0,56.0,0.0,2.0,79.0,89.0,0.0,0.0,0.0,0.0,21.0,0.0,10.0,6.0,72.0,145.0,44.0,121.0,0.0,8.0,2.0,18.0,96.0,0.0,0.0,104.0,118.0,0.0,0.0,0.0,0.0,302.0,0.0,0.0,166.0,4.0,2.0,188.0,340.0,0.0,0.0,38.0,2914.0,660.0,404.0,0.0,0.0,45.0,307.0,0.0,0.0,1832.0,342.0,0.0,444.0,1424.0,506.0,486.0,0.0,0.0,774.0,1917.0,267.0,0.0,0.0,0.0,266.0,0.0,0.0,1487.0,577.0,0.0,523.0,188.0,231.0,106.0,0.0,540.0,7068.0,1015.0,862.0,96.0,2026.0,20.0,412.0,0.0,0.0,0.0,0.0,0.0,30.0,856.0,0.0,2.0,29.0,738.0,0.0,180.0,129.0,56.0,68.0,0.0,30.0,730.0,90.0,437.0,345.0,0.0,269.0,1033.0,0.0,0.0,325.0,137.0,0.0,202.0,2.0,470.0,122.0,177.0,506.0,186.0,149.0,571.0,0.0,2.0,187.0,644.0,1214.0,1090.0,0.0,682.0,1143.0,0.0,0.0,0.0,807.0,112.0,0.0,297.0,671.0,619.0,260.0,48.0,132.0,133.0,330.0,0.0,0.0,36.0,0.0,155.0,775.0,1594.0,1965.0,111.0,482.0,0.0,127.0,0.0,0.0,88.0,64.0,0.0,184.0,152.0,64.0,0.0,0.0,88.0,326.0,64.0,1171.0,4461.0,280.0,6.0,563.0,546.0,258.0,450.0,174.0,144.0,60.0,295.0,46.0,872.0,81.0,0.0,113.0,158.0,30.0,2185.0,20.0,30.0,74.0,34.0,0.0,232.0,0.0,448.0,46.0,642.0,70.0,0.0,14.0,86.0,110.0,216.0,88.0,627.0,0.0,375.0,4.0,0.0,0.0,338.0,131.0,254.0,0.0,0.0,0.0,0.0,0.0,14.0,34.0,126.0,56.0,1032.0,0.0,62.0,0.0,1186.0,0.0,60.0,462.0,913.0,24.0,877.0,0.0,1752.0,0.0,220.0,16.0,74.0,0.0,134.0,14.0,25.0,46.0,0.0,34.0,122.0,0.0,4.0,0.0,333.0,67.0,135.0,27.0,0.0,261.0,150.0,66.0,0.0,756.0,0.0,657.0,56.0,8.0,0.0,747.0,0.0,396.0,122.0,92.0,88.0,178.0,232.0,2.0,941.0,56.0,0.0,20.0,57.0,0.0,6.0,403.0,250.0,142.0,104.0,61.0,0.0,0.0,56.0,8.0,4.0,443.0,62.0,363.0,333.0,26.0,0.0,16.0,239.0,145.0,53.0,84.0,32.0,80.0,40.0,24.0,445.0,883.0,128.0,1.0,50.0,84.0,66.0,0.0,0.0,323.0,0.0,44.0,184.0,36.0,267.0,0.0,435.0,355.0,566.0,743.0,0.0,0.0,0.0,52.0,246.0,1061.0,0.0,121.0,1085.0,36.0,18.0,0.0,96.0,312.0,0.0,104.0,0.0,0.0,311.0,0.0,97.0,242.0,0.0,0.0,8.0,0.0,187.0,250.0,96.0,0.0,24.0,26.0,0.0,24.0,0.0,0.0,77.0,11.0,0.0,18.0,0.0,16.0,0.0,3.0,0.0
1039.0,315.0,807.0,1197.0,1185.0,927.0,842.0,1315.0,1329.0,1151.0,863.0,1210.0,622.0,640.0,228.0,808.0,619.0,1304.0,1671.0,565.0,387.0,807.0,301.0,1292.0,613.0,910.0,840.0,530.0,587.0,498.0,881.0,361.0,751.0,943.0,1125.0,895.0,662.0,761.0,690.0,692.0,808.0,1345.0,521.0,879.0,483.0,817.0,520.0,1476.0,835.0,192.0,519.0,744.0,1005.0,789.0,739.0,590.0,465.0,713.0,934.0,552.0,568.0,463.0,1173.0,942.0,385.0,808.0,603.0,775.0,293.0,961.0,387.0,553.0,797.0,609.0,581.0,464.0,512.0,437.0,585.0,643.0,662.0,786.0,499.0,718.0,674.0,756.0,244.0,288.0,327.0,630.0,950.0,618.0,642.0,573.0,844.0,493.0,202.0,200.0,766.0,752.0,936.0,841.0,928.0,616.0,600.0,819.0,390.0,1008.0,153.0,760.0,669.0,1347.0,436.0,484.0,346.0,661.0,996.0,227.0,767.0,394.0,605.0,644.0,892.0,378.0,578.0,950.0,377.0,707.0,510.0,973.0,192.0,610.0,882.0,746.0,410.0,561.0,376.0,270.0,526.0,44.0,838.0,475.0,828.0,558.0,769.0,336.0,525.0,786.0,1224.0,577.0,383.0,585.0,755.0,657.0,695.0,428.0,721.0,487.0,497.0,455.0,555.0,499.0,593.0,736.0,122.0,474.0,732.0,354.0,488.0,383.0,465.0,389.0,958.0,387.0,573.0,825.0,541.0,470.0,393.0,333.0,500.0,115.0,903.0,418.0,838.0,807.0,438.0,772.0,458.0,377.0,705.0,830.0,513.0,409.0,220.0,725.0,352.0,490.0,431.0,430.0,334.0,571.0,840.0,306.0,609.0,757.0,548.0,244.0,237.0,580.0,804.0,453.0,654.0,476.0,425.0,152.0,461.0,167.0,538.0,353.0,320.0,454.0,388.0,562.0,412.0,287.0,271.0,70.0,483.0,266.0,393.0,475.0,460.0,216.0,329.0,486.0,259.0,323.0,563.0,560.0,754.0,550.0,468.0,349.0,188.0,441.0,726.0,273.0,894.0,285.0,275.0,461.0,473.0,852.0,328.0,517.0,367.0,331.0,383.0,296.0,376.0,347.0,596.0,657.0,401.0,489.0,377.0,223.0,506.0,238.0,615.0,188.0,533.0,240.0,338.0,521.0,307.0,105.0,318.0,245.0,690.0,384.0,327.0,463.0,356.0,428.0,303.0,422.0,114.0,416.0,187.0,433.0,7.0,291.0,141.0,147.0,112.0,399.0,308.0,436.0,215.0,173.0,321.0,163.0,153.0,222.0,507.0,269.0,289.0,297.0,202.0,320.0,242.0,298.0,400.0,268.0,218.0,120.0,272.0,365.0,288.0,116.0,166.0,230.0,185.0,166.0,105.0,64.0,45.0,67.0,188.0,103.0,124.0,145.0,89.0,168.0,1594.0,1436.0,1430.0,1160.0,945.0,799.0,1189.0,815.0,642.0,1304.0,1596.0,625.0,1136.0,742.0,785.0,717.0,781.0,804.0,1102.0,590.0,608.0,359.0,1077.0,876.0,945.0,1242.0,1423.0,1530.0,736.0,604.0,795.0,650.0,844.0,730.0,898.0,693.0,736.0,964.0,866.0,455.0,706.0,1092.0,909.0,635.0,447.0,565.0,467.0,929.0,227.0,1009.0,804.0,1462.0,662.0,1433.0,888.0,846.0,396.0,959.0,751.0,354.0,406.0,1396.0,1458.0,665.0,527.0,846.0,1090.0,1005.0,870.0,748.0,1181.0,522.0,873.0,406.0,351.0,791.0,445.0,141.0,707.0,660.0,643.0,885.0,548.0,572.0,527.0,246.0,113.0,540.0,945.0,867.0,886.0,924.0,516.0,168.0,661.0,322.0,1399.0,523.0,619.0,685.0,879.0,539.0,502.0,420.0,640.0,474.0,673.0,622.0,1758.0,1026.0,539.0,447.0,890.0,850.0,989.0,1020.0,704.0,800.0,680.0,840.0,694.0,441.0,638.0,421.0,621.0,392.0,1123.0,359.0,659.0,753.0,467.0,532.0,644.0,600.0,737.0,516.0,432.0,822.0,610.0,374.0,539.0,360.0,173.0,80.0,401.0,392.0,587.0,470.0,309.0,442.0,402.0,624.0,541.0,132.0,468.0,632.0,830.0,414.0,491.0,156.0,774.0,678.0,448.0,755.0,542.0,396.0,573.0,901.0,454.0,622.0,475.0,373.0,781.0,434.0,289.0,478.0,153.0,950.0,540.0,629.0,871.0,579.0,370.0,571.0,439.0,576.0,703.0,433.0,368.0,183.0,504.0,167.0,251.0,580.0,649.0,511.0,592.0,608.0,412.0,531.0,690.0,417.0,532.0,298.0,536.0,384.0,561.0,642.0,277.0,569.0,350.0,590.0,568.0,334.0,682.0,259.0,478.0,475.0,565.0,489.0,329.0,497.0,800.0,405.0,130.0,270.0,303.0,733.0,583.0,553.0,472.0,393.0,446.0,479.0,494.0,350.0,408.0,175.0,573.0,410.0,568.0,465.0,392.0,345.0,476.0,1018.0,303.0,281.0,290.0,418.0,304.0,593.0,662.0,211.0,251.0,311.0,433.0,575.0,398.0,217.0,323.0,302.0,542.0,453.0,539.0,248.0,245.0,403.0,530.0,467.0,160.0,432.0,388.0,177.0,124.0,239.0,352.0,114.0,425.0,180.0,453.0,194.0,387.0,207.0,406.0,294.0,467.0,220.0,85.0,377.0,231.0,321.0,174.0,331.0,566.0,430.0,317.0,367.0,175.0,184.0,231.0,380.0,173.0,295.0,291.0,186.0,269.0,321.0,217.0,200.0,200.0,258.0,251.0,116.0,160.0,168.0,148.0,209.0,271.0,157.0,214.0,252.0,180.0,117.0,302.0,262.0,267.0,222.0,136.0,281.0,121.0,134.0,169.0,138.0,127.0,171.0,247.0,105.0,69.0,124.0,94.0,121.0,128.0,73.0,50.0,65.0
0.0,311.0,332.0,140.0,82.0,217.0,0.0,0.0,22.0,46.0,0.0,208.0,22.0,124.0,186.0,224.0,174.0,120.0,556.0,286.0,162.0,228.0,8.0,16.0,27.0,22.0,0.0,0.0,100.0,0.0,22.0,0.0,2.0,168.0,176.0,10.0,18.0,8.0,248.0,44.0,62.0,0.0,246.0,116.0,64.0,62.0,0.0,335.0,258.0,134.0,20.0,8.0,154.0,242.0,60.0,98.0,310.0,224.0,32.0,0.0,0.0,92.0,577.0,58.0,138.0,97.0,78.0,357.0,116.0,318.0,16.0,216.0,141.0,126.0,112.0,184.0,70.0,0.0,200.0,12.0,24.0,52.0,66.0,12.0,116.0,0.0,0.0,64.0,0.0,90.0,10.0,108.0,14.0,176.0,225.0,74.0,20.0,0.0,62.0,36.0,19.0,102.0,106.0,35.0,0.0,26.0,50.0,202.0,0.0,30.0,90.0,601.0,23.0,158.0,62.0,32.0,0.0,0.0,14.0,34.0,163.0,22.0,2.0,326.0,0.0,128.0,158.0,88.0,85.0,158.0,150.0,94.0,260.0,172.0,225.0,42.0,74.0,53.0,92.0,0.0,47.0,92.0,0.0,14.0,32.0,102.0,2.0,2.0,118.0,94.0,84.0,83.0,0.0,14.0,12.0,0.0,90.0,0.0,29.0,222.0,0.0,44.0,26.0,104.0,40.0,44.0,28.0,44.0,86.0,166.0,36.0,130.0,169.0,0.0,38.0,50.0,0.0,211.0,12.0,30.0,74.0,40.0,38.0,4.0,136.0,30.0,124.0,46.0,78.0,54.0,4.0,52.0,68.0,84.0,168.0,100.0,165.0,8.0,0.0,68.0,74.0,80.0,54.0,86.0,60.0,46.0,90.0,60.0,38.0,92.0,42.0,258.0,0.0,40.0,0.0,26.0,20.0,52.0,92.0,80.0,14.0,42.0,0.0,166.0,16.0,0.0,6.0,52.0,30.0,107.0,0.0,10.0,92.0,64.0,0.0,102.0,34.0,0.0,56.0,102.0,247.0,123.0,16.0,166.0,30.0,36.0,54.0,0.0,38.0,46.0,60.0,32.0,14.0,28.0,130.0,103.0,8.0,38.0,25.0,4.0,22.0,46.0,74.0,20.0,36.0,44.0,70.0,2.0,44.0,28.0,26.0,40.0,36.0,50.0,85.0,30.0,42.0,0.0,44.0,75.0,22.0,8.0,0.0,0.0,64.0,62.0,16.0,60.0,0.0,20.0,22.0,94.0,28.0,14.0,0.0,60.0,0.0,130.0,30.0,0.0,4.0,64.0,28.0,14.0,34.0,0.0,0.0,8.0,60.0,152.0,4.0,14.0,40.0,40.0,8.0,84.0,24.0,0.0,38.0,60.0,2.0,12.0,0.0,0.0,0.0,10.0,0.0,4.0,4.0,22.0,8.0,16.0,6.0,2.0,24.0,13.0,230.0,20.0,250.0,0.0,0.0,98.0,222.0,0.0,58.0,148.0,518.0,46.0,474.0,20.0,0.0,0.0,76.0,102.0,232.0,337.0,90.0,0.0,245.0,4.0,342.0,2.0,429.0,236.0,0.0,0.0,0.0,64.0,0.0,104.0,364.0,0.0,41.0,114.0,124.0,122.0,142.0,460.0,125.0,110.0,172.0,210.0,190.0,62.0,0.0,243.0,130.0,28.0,300.0,229.0,138.0,308.0,62.0,160.0,345.0,125.0,76.0,62.0,318.0,409.0,120.0,84.0,63.0,0.0,0.0,0.0,348.0,0.0,214.0,0.0,14.0,101.0,128.0,67.0,10.0,136.0,0.0,138.0,160.0,94.0,0.0,53.0,0.0,84.0,252.0,86.0,104.0,267.0,48.0,84.0,281.0,0.0,82.0,0.0,0.0,46.0,0.0,70.0,48.0,218.0,66.0,122.0,80.0,62.0,57.0,5.0,189.0,233.0,98.0,36.0,56.0,84.0,350.0,0.0,170.0,39.0,0.0,26.0,122.0,38.0,124.0,0.0,0.0,0.0,96.0,58.0,195.0,238.0,82.0,314.0,212.0,22.0,160.0,94.0,60.0,0.0,22.0,0.0,2.0,214.0,224.0,98.0,98.0,214.0,64.0,0.0,58.0,0.0,98.0,58.0,28.0,6.0,164.0,36.0,86.0,86.0,68.0,0.0,42.0,158.0,128.0,0.0,84.0,204.0,98.0,60.0,142.0,180.0,160.0,118.0,18.0,190.0,0.0,72.0,168.0,22.0,0.0,61.0,68.0,44.0,76.0,120.0,239.0,0.0,140.0,4.0,56.0,0.0,319.0,110.0,74.0,52.0,202.0,88.0,36.0,38.0,48.0,0.0,2.0,41.0,106.0,86.0,8.0,52.0,104.0,126.0,98.0,168.0,207.0,0.0,160.0,296.0,0.0,22.0,12.0,94.0,68.0,150.0,0.0,58.0,0.0,38.0,56.0,0.0,0.0,76.0,75.0,92.0,138.0,22.0,130.0,132.0,44.0,0.0,212.0,0.0,0.0,60.0,38.0,54.0,146.0,176.0,0.0,108.0,67.0,154.0,0.0,20.0,170.0,78.0,114.0,18.0,450.0,62.0,40.0,16.0,104.0,148.0,0.0,58.0,104.0,44.0,18.0,62.0,0.0,12.0,34.0,98.0,84.0,38.0,0.0,189.0,162.0,116.0,54.0,6.0,60.0,114.0,149.0,86.0,90.0,36.0,88.0,0.0,0.0,0.0,68.0,44.0,54.0,194.0,106.0,28.0,47.0,0.0,146.0,40.0,28.0,117.0,44.0,26.0,54.0,78.0,38.0,20.0,183.0,48.0,0.0,80.0,0.0,26.0,44.0,16.0,28.0,51.0,156.0,18.0,14.0,26.0,25.0,14.0,0.0,4.0,46.0,22.0,0.0,96.0,6.0,32.0,46.0,28.0,16.0,16.0,34.0,88.0,14.0,42.0,78.0,24.0,38.0,8.0,30.0,44.0
77.0,99.0,133.0,72.0,133.0,191.0,122.0,100.0,186.0,68.0,77.0,118.0,179.0,76.0,86.0,196.0,229.0,71.0,159.0,95.0,134.0,249.0,38.0,88.0,92.0,83.0,227.0,144.0,47.0,155.0,52.0,60.0,126.0,147.0,123.0,76.0,47.0,83.0,137.0,134.0,81.0,0.0,30.0,66.0,38.0,44.0,82.0,159.0,102.0,63.0,80.0,52.0,51.0,150.0,217.0,155.0,140.0,76.0,71.0,41.0,100.0,96.0,191.0,175.0,170.0,108.0,132.0,60.0,37.0,91.0,153.0,78.0,67.0,154.0,146.0,71.0,43.0,71.0,62.0,119.0,19.0,69.0,94.0,169.0,182.0,56.0,174.0,124.0,181.0,77.0,57.0,76.0,111.0,80.0,130.0,81.0,64.0,34.0,79.0,66.0,84.0,51.0,78.0,143.0,46.0,97.0,45.0,91.0,220.0,60.0,108.0,96.0,109.0,110.0,83.0,96.0,68.0,26.0,37.0,78.0,136.0,224.0,93.0,235.0,33.0,58.0,121.0,95.0,101.0,104.0,33.0,83.0,196.0,117.0,55.0,109.0,92.0,7.0,167.0,122.0,159.0,56.0,109.0,75.0,16.0,46.0,87.0,48.0,83.0,61.0,98.0,127.0,94.0,23.0,120.0,69.0,120.0,46.0,34.0,45.0,56.0,90.0,32.0,42.0,72.0,107.0,92.0,51.0,130.0,116.0,37.0,84.0,60.0,176.0,55.0,67.0,54.0,2.0,53.0,35.0,97.0,100.0,35.0,118.0,67.0,50.0,95.0,89.0,77.0,44.0,132.0,71.0,43.0,150.0,9.0,75.0,44.0,87.0,68.0,69.0,43.0,53.0,90.0,46.0,57.0,76.0,60.0,48.0,55.0,192.0,57.0,37.0,27.0,53.0,22.0,48.0,18.0,142.0,39.0,19.0,38.0,56.0,109.0,68.0,80.0,114.0,74.0,58.0,58.0,106.0,45.0,45.0,35.0,80.0,43.0,122.0,110.0,34.0,63.0,54.0,98.0,82.0,32.0,88.0,58.0,63.0,30.0,51.0,22.0,59.0,24.0,10.0,70.0,139.0,104.0,79.0,56.0,23.0,127.0,78.0,78.0,69.0,24.0,46.0,60.0,61.0,25.0,89.0,80.0,49.0,77.0,18.0,49.0,18.0,34.0,52.0,58.0,55.0,61.0,63.0,48.0,32.0,80.0,24.0,42.0,32.0,16.0,54.0,9.0,29.0,28.0,54.0,41.0,76.0,7.0,66.0,13.0,37.0,33.0,89.0,51.0,61.0,32.0,73.0,60.0,24.0,16.0,23.0,14.0,58.0,14.0,32.0,29.0,41.0,29.0,30.0,33.0,37.0,38.0,37.0,63.0,16.0,46.0,9.0,20.0,10.0,33.0,45.0,13.0,7.0,18.0,6.0,22.0,9.0,11.0,12.0,491.0,233.0,222.0,287.0,180.0,134.0,138.0,189.0,108.0,200.0,139.0,53.0,145.0,237.0,232.0,74.0,84.0,303.0,203.0,349.0,275.0,192.0,192.0,141.0,67.0,161.0,141.0,104.0,143.0,73.0,87.0,156.0,132.0,28.0,119.0,205.0,63.0,88.0,151.0,203.0,74.0,200.0,192.0,127.0,176.0,85.0,234.0,82.0,145.0,137.0,149.0,410.0,170.0,167.0,64.0,141.0,27.0,137.0,479.0,1.0,216.0,303.0,185.0,254.0,111.0,116.0,134.0,90.0,42.0,110.0,136.0,202.0,62.0,66.0,161.0,193.0,90.0,218.0,93.0,71.0,194.0,199.0,93.0,132.0,35.0,151.0,30.0,57.0,148.0,133.0,23.0,192.0,144.0,95.0,152.0,104.0,219.0,75.0,143.0,128.0,34.0,94.0,194.0,67.0,98.0,112.0,360.0,163.0,243.0,198.0,96.0,175.0,207.0,168.0,140.0,112.0,145.0,70.0,207.0,202.0,19.0,205.0,64.0,24.0,128.0,61.0,195.0,58.0,82.0,165.0,136.0,110.0,53.0,130.0,93.0,120.0,143.0,174.0,93.0,212.0,74.0,82.0,34.0,85.0,72.0,129.0,168.0,95.0,70.0,62.0,128.0,82.0,270.0,76.0,72.0,19.0,159.0,129.0,94.0,90.0,101.0,74.0,51.0,90.0,85.0,117.0,33.0,132.0,44.0,74.0,168.0,67.0,88.0,60.0,3.0,100.0,56.0,118.0,102.0,6.0,50.0,138.0,70.0,42.0,144.0,31.0,78.0,78.0,72.0,107.0,71.0,42.0,79.0,99.0,119.0,34.0,102.0,55.0,27.0,83.0,41.0,61.0,220.0,92.0,59.0,21.0,123.0,41.0,30.0,107.0,5.0,66.0,116.0,34.0,70.0,11.0,81.0,71.0,78.0,99.0,50.0,137.0,87.0,28.0,158.0,81.0,96.0,79.0,11.0,67.0,86.0,150.0,14.0,96.0,99.0,21.0,89.0,55.0,149.0,36.0,36.0,76.0,184.0,76.0,141.0,97.0,110.0,92.0,71.0,76.0,79.0,149.0,112.0,123.0,108.0,89.0,26.0,74.0,141.0,30.0,71.0,42.0,70.0,38.0,68.0,57.0,70.0,26.0,24.0,86.0,35.0,46.0,79.0,50.0,95.0,71.0,55.0,75.0,116.0,74.0,65.0,15.0,97.0,41.0,120.0,101.0,107.0,31.0,65.0,87.0,93.0,87.0,54.0,70.0,76.0,61.0,62.0,63.0,56.0,31.0,61.0,21.0,50.0,12.0,54.0,71.0,17.0,39.0,80.0,40.0,44.0,26.0,56.0,29.0,116.0,23.0,57.0,13.0,44.0,25.0,37.0,74.0,34.0,41.0,82.0,40.0,29.0,10.0,28.0,23.0,4.0,65.0,6.0,29.0,31.0,7.0,52.0,9.0,12.0,13.0,18.0,38.0,11.0,5.0,18.0,17.0
2541.0,2220.0,4935.0,5548.0,5666.0,5332.0,5967.0,5642.0,5072.0,5460.0,5485.0,4107.0,2867.0,3767.0,3351.0,4965.0,4633.0,3563.0,6342.0,4402.0,3860.0,4941.0,5733.0,4062.0,4336.0,4293.0,2615.0,3265.0,3677.0,5182.0,3860.0,4212.0,2526.0,3205.0,4367.0,3455.0,4967.0,2831.0,3374.0,3210.0,6440.0,2410.0,3052.0,5615.0,2817.0,6297.0,2075.0,7453.0,3956.0,3523.0,2312.0,3621.0,4474.0,3900.0,3062.0,3889.0,2858.0,1305.0,4535.0,2718.0,3784.0,1973.0,4114.0,4852.0,4252.0,4418.0,4835.0,3124.0,4054.0,3581.0,4956.0,2313.0,2867.0,5091.0,3630.0,4303.0,2954.0,2170.0,2776.0,5352.0,3827.0,3445.0,2024.0,3702.0,4818.0,4503.0,3839.0,3270.0,3421.0,3609.0,2775.0,2539.0,3954.0,4000.0,3746.0,3396.0,2882.0,2600.0,4310.0,3624.0,2085.0,3599.0,4172.0,3625.0,2432.0,2634.0,2444.0,4837.0,2195.0,2610.0,2420.0,2994.0,3321.0,3168.0,2367.0,2393.0,3063.0,5419.0,4789.0,1418.0,4973.0,4166.0,2173.0,1222.0,4278.0,3544.0,4029.0,5054.0,2673.0,5079.0,2462.0,4744.0,2929.0,3156.0,2792.0,3363.0,2879.0,2482.0,3122.0,3193.0,2483.0,2947.0,3472.0,3390.0,2732.0,3265.0,2501.0,2790.0,2111.0,4906.0,1529.0,2441.0,2964.0,2919.0,6089.0,2426.0,2232.0,3558.0,2406.0,2644.0,2457.0,2253.0,2529.0,1673.0,1457.0,3424.0,2476.0,2770.0,2738.0,2811.0,2146.0,2978.0,4124.0,2412.0,3307.0,2509.0,4181.0,2564.0,2684.0,3120.0,2783.0,1766.0,4073.0,3018.0,3414.0,2985.0,2662.0,3991.0,2991.0,2248.0,3407.0,4163.0,1479.0,2537.0,2269.0,2700.0,2793.0,3636.0,1848.0,1567.0,1765.0,1539.0,2386.0,2255.0,4314.0,2959.0,2853.0,2877.0,2212.0,2204.0,3850.0,2202.0,1379.0,1816.0,1396.0,2402.0,3092.0,2692.0,678.0,1230.0,2094.0,2159.0,1939.0,2610.0,2304.0,1854.0,1840.0,1793.0,2642.0,1985.0,2868.0,3433.0,1312.0,1277.0,1470.0,2342.0,3403.0,1897.0,2649.0,846.0,3014.0,1105.0,1650.0,2109.0,1393.0,2173.0,4182.0,1776.0,1739.0,2039.0,2373.0,3260.0,2644.0,2707.0,2489.0,3545.0,3099.0,1805.0,1905.0,1760.0,2607.0,1582.0,1811.0,1883.0,2367.0,1218.0,1385.0,2028.0,2042.0,1514.0,2496.0,1453.0,2385.0,1340.0,1509.0,3396.0,1659.0,1939.0,1505.0,2032.0,2782.0,2094.0,1963.0,1611.0,1184.0,2428.0,2164.0,2136.0,1824.0,1842.0,1698.0,3519.0,1601.0,2746.0,746.0,774.0,1141.0,2195.0,1425.0,2079.0,2193.0,1829.0,2102.0,2052.0,763.0,1578.0,1901.0,1543.0,2036.0,1111.0,1292.0,1343.0,2250.0,1605.0,1243.0,1616.0,1121.0,490.0,624.0,1776.0,1762.0,1064.0,1507.0,688.0,869.0,845.0,1657.0,343.0,875.0,642.0,614.0,540.0,638.0,872.0,518.0,845.0,6367.0,4959.0,4681.0,4391.0,3352.0,1802.0,6265.0,3410.0,4414.0,3356.0,5626.0,4384.0,5293.0,2019.0,4882.0,2812.0,2462.0,5152.0,3162.0,5521.0,5770.0,3630.0,4834.0,4563.0,3741.0,3526.0,5515.0,3558.0,4115.0,4535.0,4914.0,2355.0,4709.0,3403.0,4889.0,3863.0,2696.0,2288.0,4268.0,3589.0,3847.0,5110.0,3947.0,3063.0,4760.0,4570.0,3682.0,3705.0,2642.0,4118.0,4577.0,5857.0,3186.0,3942.0,3238.0,3729.0,2448.0,2878.0,7391.0,2791.0,2892.0,5416.0,3802.0,3747.0,3901.0,3966.0,3350.0,4448.0,3416.0,5690.0,4189.0,2312.0,3183.0,1654.0,2209.0,3692.0,3178.0,1863.0,4448.0,2449.0,4508.0,3823.0,2245.0,2809.0,3047.0,1981.0,1518.0,3587.0,2901.0,3910.0,1634.0,6038.0,4491.0,3248.0,3052.0,1456.0,3656.0,2520.0,2762.0,4732.0,2687.0,2982.0,3130.0,3127.0,1834.0,2128.0,1220.0,4615.0,3948.0,3760.0,2433.0,2432.0,3460.0,3183.0,3100.0,2237.0,3479.0,2875.0,2238.0,3465.0,1989.0,2277.0,3354.0,3160.0,2412.0,2253.0,1339.0,2127.0,4288.0,3389.0,3103.0,3575.0,3371.0,3836.0,3346.0,2726.0,2577.0,3157.0,2118.0,3939.0,2488.0,1985.0,1464.0,2924.0,1747.0,2350.0,3572.0,2462.0,1001.0,2476.0,1994.0,2808.0,3096.0,2743.0,2504.0,4121.0,2575.0,2390.0,3720.0,1990.0,3208.0,1739.0,1464.0,3652.0,1414.0,2373.0,1653.0,3947.0,2586.0,2892.0,1506.0,2415.0,2751.0,2527.0,2397.0,1595.0,1353.0,3034.0,2559.0,1750.0,2353.0,3075.0,2060.0,2806.0,2287.0,2707.0,2818.0,2554.0,1532.0,2296.0,2370.0,2165.0,2194.0,2950.0,1612.0,1196.0,2172.0,1794.0,1773.0,2345.0,2723.0,1703.0,3027.0,2274.0,1180.0,1738.0,3032.0,2204.0,2673.0,2381.0,1022.0,1888.0,2281.0,1275.0,2941.0,1166.0,1624.0,2733.0,2738.0,1890.0,1397.0,2026.0,1928.0,1651.0,682.0,1977.0,2531.0,2263.0,2066.0,1217.0,2459.0,567.0,1500.0,2240.0,1218.0,1963.0,1725.0,2460.0,2019.0,1469.0,1476.0,1322.0,936.0,1673.0,1613.0,2367.0,1855.0,1262.0,2235.0,1922.0,1132.0,1237.0,2282.0,1298.0,1299.0,1061.0,2538.0,1321.0,1996.0,1236.0,2156.0,1727.0,2131.0,1212.0,1750.0,1703.0,1374.0,1176.0,1206.0,1736.0,1255.0,1862.0,1453.0,1142.0,925.0,2370.0,1753.0,1480.0,1134.0,1048.0,1985.0,1336.0,2015.0,1225.0,1758.0,1169.0,1819.0,1340.0,1066.0,1864.0,1101.0,1211.0,1170.0,1386.0,1085.0,1432.0,1105.0,1371.0,1212.0,739.0,1867.0,1656.0,1300.0,1056.0,833.0,849.0,648.0,1237.0,1427.0,878.0,827.0,957.0,920.0,745.0,597.0,674.0,796.0,1018.0,1113.0,589.0,876.0,632.0,954.0,724.0,794.0,901.0,1066.0,883.0,408.0,522.0,678.0,1588.0,566.0,1151.0,695.0,643.0,737.0,554.0,377.0,504.0,588.0,540.0,555.0,571.0,247.0,495.0
356.0,127.0,502.0,151.0,375.0,505.0,697.0,464.0,422.0,310.0,524.0,514.0,361.0,276.0,407.0,484.0,103.0,544.0,682.0,180.0,366.0,476.0,479.0,330.0,202.0,338.0,248.0,303.0,46.0,678.0,519.0,545.0,628.0,674.0,420.0,435.0,736.0,562.0,603.0,334.0,707.0,170.0,629.0,233.0,447.0,624.0,524.0,326.0,548.0,357.0,256.0,321.0,253.0,267.0,134.0,396.0,154.0,331.0,260.0,488.0,327.0,324.0,617.0,215.0,251.0,346.0,281.0,410.0,433.0,489.0,64.0,119.0,267.0,228.0,521.0,433.0,160.0,109.0,553.0,216.0,163.0,445.0,98.0,317.0,822.0,260.0,198.0,264.0,278.0,287.0,517.0,228.0,438.0,422.0,442.0,224.0,392.0,398.0,371.0,319.0,418.0,368.0,499.0,445.0,293.0,353.0,265.0,155.0,326.0,192.0,501.0,521.0,432.0,307.0,363.0,346.0,500.0,306.0,280.0,97.0,486.0,273.0,345.0,405.0,608.0,356.0,572.0,190.0,533.0,804.0,314.0,253.0,744.0,523.0,397.0,163.0,199.0,404.0,167.0,631.0,245.0,266.0,157.0,411.0,277.0,182.0,206.0,226.0,349.0,224.0,81.0,359.0,301.0,199.0,339.0,68.0,108.0,120.0,220.0,193.0,188.0,161.0,172.0,609.0,44.0,208.0,350.0,244.0,549.0,286.0,162.0,389.0,270.0,148.0,440.0,212.0,300.0,286.0,399.0,268.0,349.0,324.0,183.0,134.0,372.0,221.0,195.0,491.0,161.0,612.0,287.0,181.0,292.0,244.0,124.0,216.0,478.0,355.0,298.0,362.0,185.0,334.0,257.0,357.0,221.0,466.0,511.0,373.0,395.0,419.0,168.0,130.0,306.0,285.0,250.0,457.0,367.0,346.0,132.0,211.0,262.0,120.0,271.0,227.0,154.0,216.0,203.0,13.0,238.0,452.0,138.0,360.0,197.0,320.0,211.0,410.0,328.0,87.0,435.0,164.0,260.0,222.0,178.0,170.0,229.0,394.0,180.0,151.0,310.0,159.0,240.0,65.0,242.0,96.0,301.0,431.0,351.0,101.0,447.0,206.0,372.0,253.0,249.0,344.0,254.0,116.0,193.0,225.0,193.0,63.0,299.0,192.0,237.0,127.0,368.0,303.0,312.0,198.0,240.0,281.0,216.0,238.0,187.0,270.0,120.0,166.0,121.0,188.0,283.0,99.0,273.0,141.0,208.0,254.0,138.0,200.0,113.0,201.0,158.0,160.0,67.0,140.0,241.0,205.0,185.0,143.0,114.0,74.0,143.0,196.0,137.0,168.0,153.0,142.0,173.0,195.0,98.0,23.0,122.0,168.0,125.0,43.0,79.0,86.0,18.0,114.0,94.0,68.0,93.0,43.0,74.0,96.0,63.0,48.0,40.0,64.0,1291.0,1425.0,338.0,741.0,557.0,847.0,721.0,461.0,248.0,1120.0,1057.0,404.0,427.0,307.0,1501.0,480.0,772.0,1451.0,498.0,1488.0,203.0,798.0,1332.0,714.0,228.0,701.0,711.0,737.0,399.0,333.0,526.0,632.0,586.0,0.0,815.0,384.0,747.0,328.0,647.0,237.0,700.0,1036.0,629.0,462.0,720.0,353.0,815.0,241.0,1063.0,905.0,848.0,822.0,411.0,389.0,533.0,493.0,116.0,733.0,582.0,471.0,303.0,499.0,1044.0,709.0,626.0,607.0,583.0,613.0,720.0,650.0,545.0,521.0,799.0,662.0,294.0,692.0,690.0,877.0,298.0,705.0,652.0,417.0,464.0,570.0,638.0,525.0,538.0,272.0,727.0,535.0,1108.0,546.0,395.0,427.0,585.0,491.0,493.0,316.0,653.0,568.0,511.0,432.0,695.0,198.0,95.0,53.0,520.0,678.0,55.0,414.0,527.0,402.0,728.0,179.0,556.0,571.0,391.0,609.0,489.0,677.0,586.0,589.0,418.0,265.0,464.0,515.0,693.0,840.0,541.0,347.0,585.0,585.0,476.0,868.0,291.0,413.0,230.0,665.0,509.0,617.0,351.0,197.0,244.0,133.0,377.0,575.0,363.0,474.0,168.0,465.0,700.0,191.0,556.0,1133.0,93.0,195.0,567.0,668.0,402.0,535.0,287.0,175.0,652.0,617.0,277.0,379.0,688.0,894.0,371.0,403.0,253.0,480.0,449.0,374.0,304.0,239.0,324.0,250.0,325.0,301.0,181.0,249.0,172.0,249.0,429.0,245.0,578.0,505.0,260.0,524.0,967.0,470.0,589.0,412.0,380.0,289.0,444.0,307.0,52.0,586.0,671.0,149.0,291.0,454.0,241.0,360.0,102.0,414.0,154.0,430.0,368.0,394.0,503.0,273.0,169.0,284.0,355.0,214.0,456.0,446.0,142.0,260.0,262.0,425.0,313.0,216.0,475.0,342.0,508.0,297.0,602.0,116.0,212.0,87.0,177.0,133.0,219.0,508.0,310.0,142.0,157.0,396.0,269.0,242.0,497.0,646.0,315.0,313.0,247.0,777.0,532.0,369.0,424.0,215.0,107.0,229.0,410.0,396.0,348.0,275.0,292.0,124.0,115.0,216.0,402.0,322.0,164.0,372.0,74.0,356.0,330.0,61.0,187.0,462.0,171.0,310.0,285.0,226.0,275.0,259.0,262.0,171.0,131.0,159.0,333.0,305.0,294.0,172.0,201.0,322.0,96.0,150.0,361.0,417.0,328.0,233.0,96.0,206.0,160.0,251.0,219.0,143.0,129.0,145.0,199.0,183.0,45.0,56.0,296.0,256.0,61.0,216.0,159.0,124.0,149.0,73.0,91.0,35.0,201.0,220.0,131.0,57.0,76.0,176.0,186.0,79.0,129.0,145.0,104.0,42.0,66.0,137.0,54.0,73.0,81.0,63.0,214.0,174.0,72.0,115.0,118.0,77.0,98.0,63.0,79.0,118.0
2521.0,1631.0,4387.0,1800.0,1523.0,1488.0,865.0,1973.0,2235.0,2309.0,1376.0,1201.0,3019.0,565.0,2922.0,1195.0,2408.0,2375.0,1003.0,3093.0,2700.0,1601.0,2144.0,812.0,1867.0,973.0,743.0,2120.0,2388.0,4953.0,534.0,1434.0,2271.0,1908.0,2335.0,2152.0,1097.0,1426.0,1417.0,1036.0,4841.0,1280.0,1786.0,745.0,2194.0,1577.0,1948.0,732.0,928.0,5285.0,1616.0,1530.0,433.0,609.0,1913.0,1099.0,381.0,1106.0,1744.0,1043.0,2072.0,1400.0,963.0,2264.0,1978.0,1103.0,1139.0,1976.0,1751.0,1254.0,862.0,1388.0,1572.0,1522.0,786.0,778.0,1457.0,937.0,680.0,1132.0,561.0,2878.0,932.0,703.0,1458.0,901.0,533.0,1644.0,810.0,886.0,1014.0,1209.0,1365.0,1683.0,883.0,1700.0,2630.0,1667.0,496.0,750.0,694.0,1002.0,1189.0,910.0,1417.0,706.0,512.0,679.0,433.0,1209.0,1153.0,826.0,613.0,429.0,1370.0,1421.0,695.0,681.0,1586.0,1592.0,672.0,1871.0,1772.0,630.0,458.0,1828.0,268.0,1024.0,758.0,667.0,416.0,656.0,690.0,1107.0,1725.0,987.0,1357.0,501.0,1502.0,818.0,860.0,482.0,472.0,1300.0,684.0,1026.0,1330.0,926.0,252.0,740.0,1079.0,712.0,396.0,668.0,862.0,1518.0,614.0,683.0,1740.0,1005.0,2966.0,546.0,600.0,1129.0,1378.0,467.0,1874.0,1350.0,1278.0,868.0,944.0,1301.0,811.0,1704.0,2470.0,270.0,3040.0,1895.0,360.0,668.0,1090.0,1919.0,792.0,451.0,1191.0,490.0,390.0,765.0,1069.0,1349.0,821.0,555.0,849.0,998.0,336.0,936.0,719.0,1844.0,557.0,672.0,990.0,530.0,1232.0,2156.0,416.0,585.0,855.0,650.0,608.0,210.0,942.0,885.0,678.0,710.0,886.0,536.0,1378.0,1838.0,744.0,1489.0,1018.0,781.0,512.0,756.0,1473.0,1322.0,1162.0,1486.0,634.0,1188.0,1012.0,390.0,1266.0,392.0,425.0,335.0,369.0,438.0,665.0,803.0,483.0,285.0,1239.0,410.0,688.0,1137.0,1532.0,1932.0,375.0,953.0,1458.0,536.0,488.0,646.0,766.0,712.0,1062.0,413.0,731.0,448.0,843.0,908.0,608.0,1149.0,874.0,498.0,643.0,1126.0,914.0,840.0,460.0,683.0,271.0,163.0,1050.0,400.0,959.0,1142.0,1998.0,1082.0,142.0,208.0,849.0,806.0,1164.0,538.0,1194.0,350.0,526.0,440.0,380.0,516.0,544.0,380.0,389.0,529.0,623.0,1199.0,625.0,308.0,563.0,946.0,330.0,303.0,407.0,612.0,457.0,764.0,615.0,159.0,496.0,430.0,284.0,404.0,439.0,168.0,264.0,658.0,719.0,348.0,916.0,340.0,466.0,636.0,54.0,534.0,199.0,616.0,238.0,110.0,111.0,325.0,170.0,334.0,342.0,97.0,839.0,1533.0,2819.0,3959.0,1858.0,1594.0,1082.0,959.0,1082.0,3264.0,652.0,1138.0,1634.0,2273.0,823.0,4468.0,1511.0,754.0,1331.0,1592.0,708.0,684.0,1402.0,3039.0,1384.0,2617.0,898.0,1558.0,2477.0,444.0,3229.0,946.0,777.0,2118.0,2365.0,322.0,1566.0,3063.0,1000.0,2071.0,3455.0,1762.0,1542.0,1301.0,738.0,1740.0,2898.0,2272.0,1163.0,564.0,1236.0,3014.0,2606.0,1229.0,2473.0,2147.0,1573.0,977.0,781.0,1674.0,907.0,587.0,1646.0,576.0,754.0,1304.0,845.0,1246.0,1324.0,2196.0,938.0,1356.0,1904.0,507.0,1812.0,782.0,1329.0,760.0,929.0,1308.0,1756.0,694.0,2436.0,1475.0,786.0,1921.0,951.0,1461.0,503.0,446.0,2666.0,1056.0,1254.0,1424.0,788.0,1861.0,1108.0,1051.0,310.0,684.0,780.0,309.0,1720.0,1710.0,1417.0,1113.0,1297.0,716.0,3219.0,116.0,633.0,1129.0,1045.0,1244.0,557.0,904.0,570.0,762.0,2131.0,432.0,2460.0,1143.0,1189.0,836.0,2214.0,840.0,647.0,1871.0,430.0,1927.0,684.0,1321.0,827.0,642.0,565.0,1567.0,555.0,482.0,1568.0,526.0,1195.0,654.0,748.0,530.0,1411.0,1247.0,601.0,1312.0,907.0,2208.0,616.0,1540.0,580.0,635.0,621.0,900.0,580.0,732.0,1125.0,108.0,1179.0,2164.0,76.0,532.0,544.0,677.0,1005.0,792.0,955.0,1484.0,1754.0,1514.0,1801.0,422.0,1003.0,538.0,1854.0,882.0,723.0,406.0,1780.0,1440.0,821.0,206.0,214.0,560.0,609.0,585.0,686.0,1061.0,880.0,656.0,341.0,1374.0,1017.0,1019.0,594.0,1039.0,1203.0,1036.0,680.0,547.0,539.0,1581.0,1412.0,747.0,1198.0,919.0,734.0,518.0,601.0,2017.0,1431.0,1660.0,954.0,1946.0,347.0,1597.0,1074.0,1346.0,520.0,1179.0,424.0,932.0,1157.0,604.0,1285.0,608.0,930.0,464.0,884.0,550.0,776.0,442.0,340.0,508.0,394.0,173.0,688.0,1014.0,148.0,620.0,883.0,832.0,748.0,749.0,1721.0,793.0,403.0,355.0,467.0,426.0,872.0,1249.0,1313.0,800.0,744.0,217.0,322.0,756.0,1365.0,383.0,278.0,191.0,336.0,2050.0,822.0,402.0,1307.0,116.0,880.0,369.0,605.0,302.0,611.0,579.0,1150.0,642.0,597.0,1148.0,1048.0,644.0,296.0,352.0,330.0,695.0,325.0,651.0,879.0,136.0,230.0,1236.0,204.0,718.0,263.0,592.0,619.0,582.0,405.0,1038.0,934.0,424.0,745.0,320.0,322.0,295.0,449.0,557.0,550.0,1148.0,837.0,334.0,576.0,315.0,214.0,325.0,500.0,185.0,347.0,388.0,156.0,381.0,72.0,260.0,181.0,222.0,181.0,85.0,319.0,280.0,328.0,156.0,236.0,123.0,314.0,86.0,258.0,104.0,328.0,161.0,166.0,102.0,70.0,133.0,230.0,254.0
0.0,0.0,0.0,0.0,0.0,0.0,100.0,242.0,0.0,0.0,224.0,268.0,304.0,58.0,128.0,0.0,0.0,198.0,108.0,0.0,0.0,0.0,0.0,0.0,2.0,0.0,0.0,140.0,40.0,124.0,0.0,0.0,46.0,78.0,46.0,0.0,58.0,0.0,0.0,176.0,0.0,0.0,0.0,0.0,14.0,0.0,102.0,160.0,46.0,0.0,0.0,44.0,0.0,0.0,134.0,20.0,0.0,0.0,6.0,0.0,28.0,0.0,74.0,0.0,42.0,194.0,50.0,0.0,72.0,92.0,64.0,0.0,0.0,32.0,0.0,0.0,36.0,112.0,0.0,0.0,24.0,74.0,0.0,80.0,44.0,132.0,0.0,0.0,40.0,0.0,0.0,112.0,0.0,14.0,110.0,0.0,0.0,0.0,64.0,72.0,16.0,42.0,0.0,0.0,0.0,128.0,0.0,0.0,0.0,0.0,2.0,0.0,0.0,0.0,72.0,28.0,0.0,0.0,0.0,86.0,0.0,0.0,0.0,204.0,0.0,70.0,86.0,0.0,38.0,12.0,0.0,0.0,183.0,0.0,0.0,0.0,0.0,0.0,58.0,0.0,0.0,0.0,0.0,22.0,0.0,0.0,0.0,0.0,0.0,0.0,78.0,0.0,0.0,0.0,0.0,114.0,0.0,86.0,0.0,0.0,40.0,50.0,0.0,48.0,0.0,0.0,24.0,0.0,0.0,52.0,0.0,60.0,52.0,206.0,64.0,24.0,10.0,40.0,12.0,0.0,86.0,0.0,14.0,0.0,34.0,12.0,0.0,16.0,0.0,74.0,0.0,12.0,22.0,106.0,0.0,42.0,0.0,0.0,4.0,32.0,92.0,16.0,20.0,0.0,0.0,52.0,4.0,2.0,0.0,2.0,36.0,46.0,0.0,56.0,0.0,34.0,38.0,6.0,12.0,62.0,16.0,0.0,0.0,14.0,0.0,8.0,4.0,74.0,2.0,0.0,48.0,10.0,68.0,0.0,32.0,28.0,50.0,6.0,30.0,40.0,10.0,0.0,0.0,56.0,0.0,0.0,56.0,0.0,0.0,0.0,0.0,0.0,0.0,0.0,26.0,0.0,9.0,0.0,0.0,38.0,28.0,0.0,4.0,0.0,52.0,0.0,26.0,52.0,128.0,38.0,0.0,22.0,40.0,64.0,0.0,16.0,2.0,44.0,0.0,22.0,0.0,6.0,92.0,10.0,0.0,20.0,22.0,4.0,0.0,0.0,0.0,20.0,0.0,18.0,28.0,0.0,0.0,0.0,0.0,20.0,0.0,0.0,20.0,18.0,22.0,0.0,18.0,0.0,46.0,60.0,2.0,0.0,24.0,30.0,0.0,0.0,6.0,42.0,2.0,22.0,0.0,4.0,4.0,12.0,8.0,8.0,0.0,0.0,0.0,6.0,0.0,0.0,2.0,0.0,0.0,8.0,228.0,62.0,64.0,0.0,146.0,0.0,174.0,36.0,216.0,0.0,0.0,72.0,0.0,0.0,160.0,176.0,0.0,0.0,0.0,204.0,0.0,126.0,99.0,0.0,0.0,64.0,0.0,70.0,0.0,0.0,0.0,24.0,130.0,0.0,0.0,32.0,0.0,50.0,0.0,0.0,0.0,22.0,10.0,30.0,0.0,0.0,128.0,0.0,2.0,50.0,0.0,118.0,146.0,0.0,102.0,158.0,0.0,2.0,0.0,0.0,0.0,0.0,0.0,104.0,0.0,0.0,130.0,0.0,110.0,0.0,62.0,0.0,0.0,0.0,254.0,0.0,0.0,14.0,132.0,0.0,0.0,30.0,0.0,38.0,0.0,72.0,44.0,0.0,6.0,16.0,86.0,84.0,64.0,0.0,18.0,84.0,0.0,91.0,0.0,0.0,74.0,116.0,86.0,0.0,0.0,0.0,36.0,0.0,58.0,0.0,0.0,38.0,0.0,0.0,0.0,0.0,50.0,162.0,136.0,62.0,0.0,38.0,2.0,0.0,0.0,136.0,0.0,0.0,16.0,0.0,0.0,82.0,28.0,0.0,76.0,72.0,96.0,22.0,16.0,0.0,0.0,0.0,0.0,0.0,2.0,0.0,0.0,90.0,0.0,50.0,2.0,62.0,0.0,0.0,84.0,44.0,32.0,0.0,112.0,82.0,47.0,0.0,0.0,0.0,0.0,38.0,0.0,0.0,14.0,98.0,46.0,52.0,56.0,0.0,0.0,0.0,78.0,110.0,0.0,0.0,0.0,52.0,0.0,0.0,0.0,72.0,104.0,62.0,0.0,0.0,10.0,0.0,72.0,8.0,54.0,70.0,0.0,125.0,42.0,0.0,0.0,0.0,0.0,0.0,0.0,46.0,0.0,34.0,38.0,38.0,0.0,0.0,20.0,52.0,58.0,28.0,0.0,66.0,34.0,14.0,0.0,82.0,100.0,28.0,0.0,66.0,46.0,0.0,46.0,0.0,0.0,0.0,0.0,0.0,0.0,0.0,34.0,24.0,52.0,0.0,34.0,0.0,67.0,46.0,0.0,42.0,0.0,40.0,86.0,0.0,0.0,0.0,62.0,0.0,54.0,10.0,38.0,0.0,0.0,36.0,52.0,42.0,82.0,0.0,6.0,34.0,0.0,0.0,0.0,24.0,0.0,0.0,34.0,28.0,36.0,0.0,0.0,0.0,0.0,0.0,0.0,0.0,0.0,24.0,20.0,42.0,0.0,12.0,0.0,0.0,0.0,0.0,0.0,0.0,6.0,34.0,0.0,14.0,50.0,0.0,0.0,0.0,24.0,0.0,38.0,0.0,0.0,0.0,0.0,0.0,30.0,0.0,0.0,28.0,0.0,26.0,0.0,0.0,58.0,0.0,0.0,0.0,0.0,0.0,22.0,0.0,0.0,0.0,2.0,0.0,0.0,0.0,12.0,12.0,39.0,0.0,0.0,12.0,38.0,8.0,0.0,18.0,0.0,4.0,8.0,8.0
0.0,0.0,18.0,0.0,0.0,0.0,0.0,0.0,0.0,0.0,53.0,0.0,8.0,0.0,171.0,49.0,0.0,0.0,0.0,0.0,0.0,8.0,0.0,0.0,0.0,0.0,100.0,0.0,0.0,0.0,90.0,6.0,17.0,0.0,0.0,9.0,0.0,0.0,0.0,96.0,0.0,274.0,18.0,0.0,0.0,0.0,20.0,0.0,0.0,0.0,0.0,49.0,60.0,0.0,0.0,0.0,17.0,0.0,0.0,0.0,0.0,0.0,0.0,4.0,43.0,0.0,0.0,0.0,0.0,0.0,0.0,0.0,25.0,0.0,0.0,6.0,0.0,0.0,40.0,0.0,0.0,0.0,0.0,46.0,0.0,30.0,0.0,14.0,0.0,0.0,0.0,0.0,0.0,0.0,0.0,0.0,37.0,0.0,0.0,19.0,18.0,0.0,0.0,0.0,0.0,33.0,9.0,0.0,0.0,0.0,0.0,0.0,0.0,108.0,19.0,0.0,0.0,0.0,0.0,78.0,0.0,0.0,17.0,0.0,0.0,0.0,0.0,0.0,0.0,0.0,2.0,0.0,0.0,0.0,0.0,81.0,0.0,2.0,5.0,0.0,0.0,0.0,0.0,10.0,0.0,0.0,0.0,0.0,0.0,0.0,0.0,0.0,0.0,2.0,0.0,0.0,0.0,133.0,0.0,0.0,0.0,4.0,12.0,0.0,54.0,0.0,18.0,0.0,0.0,11.0,45.0,0.0,0.0,0.0,0.0,0.0,0.0,0.0,0.0,0.0,38.0,0.0,0.0,5.0,0.0,0.0,7.0,0.0,0.0,6.0,0.0,0.0,0.0,33.0,0.0,0.0,3.0,0.0,0.0,0.0,0.0,0.0,0.0,0.0,0.0,0.0,0.0,3.0,0.0,6.0,0.0,21.0,15.0,0.0,102.0,0.0,0.0,0.0,0.0,0.0,0.0,50.0,30.0,14.0,23.0,0.0,16.0,0.0,0.0,0.0,0.0,0.0,0.0,0.0,0.0,0.0,0.0,0.0,0.0,0.0,0.0,0.0,0.0,0.0,5.0,0.0,41.0,0.0,0.0,7.0,4.0,0.0,0.0,0.0,0.0,0.0,0.0,0.0,6.0,0.0,0.0,0.0,0.0,0.0,0.0,0.0,0.0,0.0,0.0,0.0,3.0,0.0,18.0,0.0,30.0,0.0,0.0,0.0,0.0,0.0,0.0,19.0,2.0,0.0,0.0,0.0,0.0,28.0,0.0,10.0,0.0,0.0,31.0,0.0,2.0,0.0,20.0,0.0,5.0,0.0,0.0,0.0,0.0,0.0,27.0,0.0,0.0,1.0,0.0,0.0,0.0,16.0,16.0,0.0,4.0,0.0,0.0,0.0,0.0,23.0,0.0,0.0,0.0,0.0,0.0,0.0,0.0,0.0,0.0,0.0,0.0,0.0,0.0,0.0,0.0,0.0,0.0,0.0,0.0,0.0,0.0,34.0,0.0,0.0,61.0,0.0,0.0,0.0,0.0,86.0,0.0,0.0,0.0,0.0,0.0,0.0,0.0,0.0,0.0,0.0,0.0,0.0,34.0,0.0,18.0,105.0,124.0,0.0,0.0,0.0,0.0,0.0,0.0,0.0,0.0,0.0,0.0,0.0,0.0,28.0,0.0,0.0,0.0,0.0,86.0,0.0,0.0,0.0,6.0,0.0,0.0,0.0,0.0,31.0,0.0,42.0,58.0,0.0,0.0,0.0,0.0,0.0,2.0,0.0,0.0,0.0,0.0,0.0,0.0,32.0,0.0,0.0,0.0,0.0,0.0,6.0,28.0,0.0,0.0,3.0,78.0,0.0,0.0,9.0,17.0,0.0,80.0,0.0,0.0,0.0,0.0,0.0,0.0,0.0,2.0,0.0,1.0,0.0,17.0,0.0,12.0,40.0,0.0,0.0,0.0,44.0,0.0,0.0,0.0,0.0,0.0,2.0,0.0,1.0,0.0,0.0,74.0,0.0,0.0,0.0,0.0,0.0,44.0,0.0,2.0,0.0,33.0,0.0,54.0,25.0,0.0,0.0,0.0,0.0,0.0,0.0,0.0,0.0,0.0,0.0,0.0,0.0,0.0,0.0,0.0,0.0,0.0,0.0,28.0,53.0,18.0,24.0,0.0,14.0,0.0,29.0,0.0,0.0,0.0,0.0,0.0,0.0,0.0,0.0,12.0,0.0,0.0,18.0,0.0,0.0,0.0,0.0,10.0,13.0,0.0,9.0,22.0,83.0,24.0,5.0,0.0,0.0,0.0,0.0,0.0,0.0,4.0,0.0,0.0,0.0,0.0,0.0,0.0,0.0,0.0,0.0,0.0,14.0,0.0,0.0,0.0,0.0,10.0,0.0,5.0,0.0,0.0,0.0,0.0,0.0,0.0,21.0,0.0,0.0,0.0,0.0,22.0,0.0,0.0,2.0,0.0,9.0,0.0,0.0,0.0,51.0,6.0,0.0,2.0,0.0,0.0,9.0,0.0,0.0,0.0,0.0,0.0,0.0,0.0,0.0,0.0,0.0,0.0,32.0,0.0,26.0,0.0,0.0,0.0,0.0,0.0,18.0,0.0,1.0,0.0,0.0,0.0,0.0,0.0,24.0,0.0,0.0,0.0,1.0,0.0,0.0,8.0,0.0,0.0,0.0,56.0,0.0,0.0,56.0,0.0,26.0,0.0,32.0,24.0,32.0,0.0,12.0,0.0,0.0,0.0,42.0,0.0,0.0,8.0,0.0,53.0,0.0,0.0,0.0,0.0,0.0,0.0,0.0,0.0,20.0,22.0,0.0,23.0,0.0,0.0,0.0,0.0,3.0,1.0,12.0,4.0,0.0,0.0,0.0,0.0,0.0,0.0,0.0,0.0,0.0,0.0,0.0,0.0,10.0,0.0,0.0,0.0,0.0,0.0,0.0,0.0,17.0,0.0,0.0,0.0,0.0,0.0,0.0,0.0,7.0,0.0,0.0
1374.0,1526.0,1607.0,1470.0,2162.0,2169.0,2504.0,2581.0,3382.0,1767.0,1138.0,3141.0,1376.0,1973.0,909.0,3394.0,2155.0,3401.0,2146.0,1467.0,1686.0,1865.0,1491.0,2067.0,1772.0,1349.0,1521.0,1133.0,1338.0,1752.0,725.0,724.0,1074.0,1996.0,1221.0,1969.0,2141.0,1574.0,1563.0,936.0,1906.0,739.0,1400.0,1183.0,1345.0,1725.0,1666.0,1552.0,2739.0,912.0,775.0,1971.0,1517.0,1301.0,1790.0,1774.0,1837.0,933.0,947.0,1487.0,1551.0,748.0,2536.0,2049.0,1925.0,1913.0,937.0,1351.0,1020.0,1686.0,1654.0,953.0,1012.0,1420.0,1160.0,607.0,1679.0,760.0,1117.0,1952.0,1137.0,862.0,711.0,1112.0,1173.0,921.0,731.0,1630.0,980.0,584.0,910.0,1271.0,1191.0,512.0,3008.0,1159.0,1791.0,1165.0,1533.0,1071.0,1065.0,1713.0,1348.0,1038.0,744.0,683.0,366.0,4114.0,1420.0,1015.0,1461.0,1149.0,1232.0,1372.0,1877.0,681.0,1860.0,1136.0,817.0,1017.0,2365.0,611.0,943.0,1282.0,2017.0,892.0,1977.0,1287.0,1693.0,1409.0,641.0,1289.0,1644.0,678.0,1102.0,1755.0,631.0,1132.0,1267.0,1370.0,2437.0,1753.0,1346.0,2175.0,1108.0,1200.0,1345.0,982.0,733.0,1445.0,865.0,859.0,1169.0,809.0,1098.0,926.0,519.0,940.0,1075.0,925.0,991.0,977.0,990.0,982.0,525.0,1239.0,465.0,816.0,994.0,677.0,740.0,1550.0,1732.0,1545.0,720.0,1042.0,1319.0,1535.0,1233.0,1043.0,1428.0,674.0,701.0,1791.0,837.0,867.0,887.0,2187.0,663.0,596.0,1014.0,1785.0,425.0,712.0,1066.0,1263.0,1047.0,2202.0,1049.0,958.0,390.0,814.0,1696.0,428.0,1714.0,1448.0,556.0,794.0,732.0,849.0,1050.0,705.0,911.0,535.0,776.0,504.0,435.0,859.0,675.0,593.0,570.0,426.0,814.0,1148.0,681.0,1832.0,670.0,578.0,1103.0,1023.0,1043.0,930.0,630.0,1095.0,1273.0,1173.0,544.0,808.0,811.0,622.0,1130.0,1378.0,1516.0,594.0,298.0,758.0,823.0,848.0,566.0,261.0,784.0,1075.0,631.0,1278.0,983.0,1555.0,1650.0,401.0,374.0,1331.0,1767.0,615.0,622.0,226.0,1248.0,771.0,421.0,543.0,671.0,512.0,1743.0,411.0,511.0,493.0,902.0,741.0,672.0,433.0,837.0,485.0,911.0,358.0,777.0,433.0,873.0,969.0,695.0,623.0,642.0,673.0,339.0,715.0,317.0,760.0,424.0,381.0,532.0,1039.0,291.0,676.0,512.0,409.0,756.0,874.0,365.0,504.0,522.0,272.0,493.0,721.0,561.0,646.0,1101.0,859.0,290.0,510.0,729.0,321.0,452.0,504.0,544.0,151.0,704.0,169.0,245.0,298.0,610.0,289.0,209.0,251.0,330.0,181.0,260.0,292.0,103.0,253.0,3262.0,1594.0,2720.0,1900.0,1399.0,2169.0,2496.0,1118.0,2205.0,1571.0,3026.0,961.0,1401.0,2596.0,1882.0,1794.0,1460.0,1273.0,2977.0,2663.0,3380.0,2411.0,3411.0,1276.0,1570.0,2247.0,2893.0,2574.0,3263.0,1917.0,2144.0,1506.0,2068.0,2398.0,3768.0,2167.0,1560.0,2242.0,1633.0,1608.0,994.0,3052.0,1259.0,1704.0,1701.0,1648.0,1679.0,1958.0,819.0,3004.0,1260.0,1116.0,1102.0,2346.0,774.0,2688.0,1288.0,2131.0,4671.0,1311.0,551.0,2779.0,2196.0,1355.0,2003.0,1052.0,2245.0,2695.0,909.0,1459.0,1749.0,544.0,1065.0,736.0,1163.0,1403.0,746.0,732.0,2144.0,759.0,927.0,2532.0,1689.0,1078.0,1228.0,1043.0,1286.0,687.0,1819.0,1670.0,1791.0,1651.0,799.0,2423.0,2458.0,1249.0,1863.0,1858.0,513.0,787.0,669.0,1412.0,343.0,1389.0,1409.0,1637.0,962.0,923.0,1340.0,1141.0,993.0,1397.0,930.0,855.0,1807.0,1427.0,1439.0,1538.0,753.0,1095.0,1263.0,1145.0,1519.0,2236.0,1609.0,990.0,658.0,763.0,2249.0,2231.0,2183.0,1794.0,974.0,981.0,1748.0,710.0,1337.0,1553.0,1701.0,2600.0,1376.0,627.0,586.0,494.0,1930.0,903.0,1001.0,1173.0,1359.0,1175.0,950.0,1171.0,992.0,618.0,1775.0,1455.0,1301.0,461.0,2384.0,660.0,2209.0,1424.0,1018.0,2330.0,1536.0,1301.0,1174.0,2532.0,459.0,1221.0,990.0,1449.0,622.0,1404.0,1530.0,849.0,507.0,1541.0,1019.0,561.0,1445.0,617.0,1139.0,1410.0,1797.0,764.0,817.0,286.0,751.0,874.0,785.0,856.0,661.0,1432.0,1650.0,1367.0,1555.0,424.0,1032.0,1081.0,1389.0,1397.0,837.0,634.0,727.0,210.0,2028.0,564.0,1789.0,1341.0,316.0,1314.0,2102.0,1213.0,2136.0,971.0,486.0,1593.0,611.0,1379.0,593.0,1312.0,1523.0,852.0,700.0,1147.0,972.0,1194.0,981.0,538.0,890.0,697.0,334.0,3032.0,645.0,1168.0,1028.0,815.0,1203.0,789.0,909.0,1581.0,897.0,1767.0,878.0,1799.0,633.0,731.0,1435.0,732.0,517.0,654.0,2489.0,631.0,553.0,463.0,1535.0,788.0,1174.0,742.0,702.0,827.0,820.0,958.0,580.0,582.0,409.0,909.0,1087.0,649.0,348.0,1541.0,330.0,735.0,638.0,378.0,356.0,549.0,1175.0,766.0,553.0,614.0,1084.0,657.0,1186.0,1127.0,563.0,484.0,433.0,652.0,398.0,367.0,373.0,372.0,897.0,569.0,762.0,233.0,609.0,188.0,693.0,1241.0,406.0,163.0,398.0,427.0,430.0,900.0,876.0,206.0,477.0,356.0,649.0,306.0,463.0,336.0,161.0,447.0,267.0,243.0,605.0,551.0,367.0,423.0,253.0,413.0,168.0,251.0,197.0,190.0,323.0,752.0,399.0,420.0,362.0,298.0,370.0,258.0,211.0,224.0,173.0,399.0,248.0,249.0,287.0,264.0
393.0,1026.0,1285.0,699.0,825.0,433.0,683.0,1037.0,1650.0,451.0,593.0,870.0,712.0,1070.0,534.0,636.0,852.0,841.0,440.0,346.0,552.0,761.0,578.0,1089.0,734.0,735.0,454.0,589.0,1221.0,544.0,820.0,225.0,191.0,972.0,688.0,367.0,892.0,517.0,357.0,327.0,420.0,113.0,974.0,1426.0,625.0,850.0,371.0,1321.0,555.0,326.0,537.0,626.0,585.0,852.0,287.0,301.0,525.0,547.0,624.0,463.0,701.0,636.0,595.0,434.0,637.0,423.0,196.0,438.0,251.0,349.0,246.0,605.0,378.0,578.0,311.0,385.0,512.0,499.0,465.0,721.0,683.0,708.0,525.0,528.0,519.0,268.0,358.0,637.0,318.0,360.0,603.0,751.0,255.0,649.0,442.0,662.0,419.0,426.0,437.0,334.0,314.0,629.0,404.0,313.0,484.0,300.0,336.0,708.0,471.0,414.0,426.0,648.0,522.0,303.0,293.0,429.0,549.0,572.0,546.0,656.0,459.0,581.0,573.0,699.0,371.0,527.0,973.0,501.0,237.0,584.0,421.0,284.0,358.0,359.0,617.0,349.0,320.0,754.0,543.0,194.0,449.0,425.0,474.0,255.0,184.0,381.0,591.0,525.0,184.0,670.0,471.0,183.0,509.0,404.0,569.0,575.0,298.0,458.0,464.0,825.0,515.0,353.0,538.0,284.0,234.0,446.0,410.0,553.0,425.0,216.0,405.0,544.0,208.0,428.0,363.0,227.0,497.0,370.0,265.0,170.0,338.0,380.0,523.0,434.0,657.0,650.0,276.0,472.0,255.0,299.0,572.0,301.0,237.0,302.0,375.0,332.0,413.0,294.0,274.0,237.0,463.0,241.0,386.0,102.0,485.0,308.0,500.0,298.0,345.0,338.0,456.0,225.0,231.0,298.0,202.0,338.0,310.0,325.0,228.0,252.0,283.0,459.0,388.0,290.0,309.0,176.0,162.0,359.0,274.0,336.0,552.0,382.0,226.0,244.0,235.0,460.0,282.0,228.0,282.0,142.0,423.0,598.0,357.0,535.0,172.0,269.0,353.0,303.0,294.0,129.0,150.0,252.0,249.0,178.0,413.0,357.0,342.0,421.0,120.0,421.0,589.0,424.0,300.0,205.0,251.0,408.0,196.0,323.0,468.0,724.0,93.0,213.0,265.0,196.0,226.0,562.0,431.0,84.0,279.0,247.0,182.0,337.0,163.0,342.0,230.0,305.0,302.0,216.0,66.0,156.0,311.0,460.0,420.0,256.0,289.0,101.0,173.0,327.0,169.0,257.0,186.0,299.0,342.0,167.0,140.0,257.0,441.0,197.0,212.0,136.0,75.0,141.0,142.0,166.0,180.0,288.0,218.0,111.0,158.0,138.0,189.0,37.0,67.0,77.0,89.0,30.0,108.0,76.0,101.0,75.0,31.0,130.0,92.0,95.0,41.0,74.0,851.0,793.0,1156.0,858.0,691.0,609.0,618.0,765.0,634.0,1188.0,828.0,948.0,1549.0,544.0,628.0,506.0,704.0,574.0,505.0,512.0,1095.0,459.0,437.0,370.0,288.0,916.0,688.0,946.0,458.0,531.0,338.0,627.0,594.0,583.0,391.0,1111.0,554.0,467.0,360.0,387.0,500.0,925.0,1006.0,895.0,915.0,478.0,578.0,376.0,940.0,392.0,501.0,798.0,821.0,696.0,539.0,478.0,463.0,463.0,537.0,295.0,421.0,620.0,573.0,506.0,376.0,299.0,528.0,542.0,470.0,798.0,762.0,299.0,715.0,580.0,730.0,627.0,377.0,392.0,725.0,532.0,571.0,676.0,391.0,532.0,510.0,662.0,715.0,839.0,615.0,795.0,515.0,784.0,542.0,959.0,725.0,496.0,515.0,395.0,159.0,567.0,402.0,465.0,361.0,417.0,546.0,517.0,419.0,319.0,515.0,638.0,323.0,391.0,430.0,318.0,315.0,395.0,417.0,527.0,296.0,598.0,259.0,375.0,376.0,389.0,193.0,363.0,192.0,543.0,858.0,356.0,379.0,518.0,497.0,476.0,408.0,491.0,319.0,432.0,150.0,830.0,351.0,507.0,247.0,263.0,351.0,758.0,266.0,490.0,607.0,126.0,237.0,397.0,114.0,487.0,370.0,374.0,776.0,563.0,577.0,335.0,511.0,264.0,488.0,469.0,320.0,378.0,457.0,464.0,281.0,154.0,234.0,375.0,475.0,364.0,178.0,393.0,349.0,358.0,660.0,242.0,401.0,518.0,299.0,426.0,262.0,286.0,307.0,599.0,325.0,302.0,281.0,377.0,150.0,453.0,310.0,302.0,345.0,543.0,352.0,345.0,301.0,377.0,583.0,480.0,458.0,228.0,614.0,437.0,643.0,364.0,313.0,240.0,519.0,305.0,490.0,398.0,245.0,650.0,368.0,78.0,222.0,322.0,452.0,244.0,252.0,550.0,319.0,411.0,348.0,385.0,271.0,418.0,279.0,47.0,194.0,278.0,134.0,172.0,474.0,153.0,115.0,319.0,165.0,297.0,209.0,326.0,196.0,137.0,292.0,340.0,321.0,210.0,301.0,235.0,252.0,218.0,355.0,209.0,334.0,338.0,288.0,193.0,217.0,330.0,436.0,190.0,246.0,359.0,353.0,345.0,164.0,340.0,231.0,403.0,77.0,71.0,362.0,231.0,189.0,139.0,230.0,198.0,162.0,191.0,188.0,246.0,169.0,90.0,162.0,168.0,109.0,321.0,127.0,290.0,200.0,59.0,324.0,326.0,185.0,317.0,189.0,248.0,206.0,95.0,138.0,299.0,114.0,337.0,137.0,122.0,178.0,140.0,260.0,129.0,72.0,36.0,83.0,124.0,121.0,180.0,246.0,112.0,232.0,148.0,86.0,136.0,140.0,95.0,116.0,68.0,105.0,154.0,182.0,109.0,76.0,143.0,89.0,54.0,33.0,97.0,56.0,83.0,106.0,38.0,112.0,94.0
182.0,428.0,159.0,1053.0,920.0,437.0,349.0,626.0,973.0,407.0,504.0,561.0,323.0,722.0,286.0,308.0,554.0,1147.0,140.0,648.0,2.0,760.0,302.0,638.0,208.0,73.0,562.0,1009.0,325.0,349.0,130.0,254.0,475.0,209.0,368.0,156.0,357.0,626.0,152.0,855.0,601.0,192.0,481.0,438.0,178.0,412.0,253.0,491.0,443.0,66.0,237.0,363.0,276.0,70.0,319.0,525.0,43.0,471.0,222.0,348.0,129.0,160.0,233.0,854.0,50.0,99.0,316.0,562.0,680.0,227.0,384.0,348.0,312.0,358.0,429.0,355.0,335.0,506.0,567.0,443.0,80.0,252.0,394.0,63.0,133.0,272.0,116.0,718.0,531.0,202.0,373.0,185.0,309.0,106.0,556.0,131.0,533.0,132.0,409.0,177.0,353.0,365.0,245.0,84.0,224.0,193.0,206.0,174.0,296.0,132.0,161.0,100.0,38.0,431.0,548.0,162.0,251.0,348.0,154.0,175.0,254.0,172.0,198.0,291.0,272.0,431.0,69.0,682.0,311.0,160.0,71.0,124.0,221.0,234.0,221.0,500.0,199.0,265.0,398.0,336.0,328.0,148.0,99.0,461.0,222.0,229.0,197.0,340.0,157.0,649.0,196.0,68.0,142.0,231.0,230.0,162.0,243.0,195.0,174.0,364.0,398.0,174.0,282.0,188.0,273.0,119.0,190.0,144.0,279.0,167.0,144.0,316.0,248.0,75.0,136.0,446.0,197.0,239.0,292.0,9.0,214.0,196.0,244.0,348.0,376.0,220.0,115.0,365.0,109.0,141.0,179.0,276.0,134.0,160.0,142.0,117.0,66.0,142.0,156.0,397.0,173.0,116.0,248.0,120.0,259.0,208.0,103.0,182.0,78.0,165.0,206.0,220.0,192.0,190.0,186.0,231.0,287.0,490.0,96.0,218.0,125.0,238.0,130.0,202.0,270.0,127.0,387.0,64.0,268.0,138.0,551.0,127.0,116.0,82.0,220.0,296.0,89.0,86.0,135.0,383.0,237.0,455.0,379.0,58.0,363.0,140.0,248.0,60.0,343.0,182.0,104.0,181.0,539.0,247.0,160.0,206.0,140.0,115.0,126.0,185.0,442.0,71.0,46.0,311.0,106.0,200.0,98.0,296.0,268.0,186.0,149.0,177.0,165.0,182.0,101.0,246.0,119.0,163.0,145.0,204.0,37.0,134.0,204.0,117.0,266.0,60.0,182.0,194.0,87.0,136.0,118.0,96.0,64.0,137.0,216.0,154.0,164.0,130.0,87.0,88.0,210.0,157.0,32.0,83.0,74.0,105.0,50.0,84.0,72.0,178.0,31.0,107.0,104.0,121.0,46.0,24.0,51.0,90.0,221.0,111.0,168.0,116.0,43.0,115.0,60.0,157.0,14.0,76.0,28.0,130.0,36.0,42.0,12.0,60.0,79.0,44.0,594.0,72.0,946.0,378.0,425.0,526.0,219.0,334.0,477.0,365.0,396.0,229.0,408.0,302.0,621.0,381.0,413.0,328.0,272.0,173.0,409.0,312.0,389.0,693.0,126.0,343.0,240.0,508.0,272.0,783.0,151.0,135.0,299.0,309.0,536.0,498.0,308.0,462.0,192.0,355.0,212.0,459.0,71.0,487.0,194.0,431.0,336.0,239.0,192.0,188.0,130.0,249.0,550.0,260.0,200.0,215.0,637.0,161.0,523.0,470.0,352.0,395.0,296.0,251.0,348.0,354.0,352.0,278.0,481.0,480.0,178.0,69.0,158.0,0.0,190.0,215.0,301.0,301.0,437.0,219.0,426.0,430.0,38.0,163.0,399.0,436.0,102.0,190.0,360.0,253.0,288.0,382.0,36.0,347.0,455.0,115.0,287.0,196.0,180.0,294.0,100.0,70.0,170.0,306.0,188.0,417.0,111.0,156.0,0.0,332.0,308.0,303.0,53.0,106.0,242.0,149.0,409.0,198.0,122.0,154.0,189.0,377.0,138.0,376.0,316.0,106.0,211.0,382.0,421.0,105.0,256.0,352.0,289.0,293.0,164.0,184.0,409.0,347.0,257.0,385.0,286.0,259.0,46.0,165.0,348.0,302.0,252.0,361.0,133.0,178.0,442.0,380.0,178.0,95.0,528.0,167.0,237.0,34.0,255.0,114.0,297.0,96.0,376.0,201.0,186.0,175.0,248.0,116.0,6.0,362.0,156.0,206.0,156.0,156.0,422.0,124.0,96.0,233.0,121.0,116.0,286.0,144.0,193.0,211.0,362.0,189.0,66.0,105.0,178.0,145.0,101.0,69.0,126.0,190.0,69.0,144.0,265.0,31.0,161.0,58.0,270.0,222.0,68.0,69.0,125.0,177.0,329.0,87.0,137.0,138.0,78.0,220.0,78.0,320.0,391.0,196.0,208.0,206.0,71.0,113.0,40.0,126.0,376.0,60.0,80.0,169.0,75.0,224.0,163.0,339.0,235.0,133.0,202.0,240.0,79.0,182.0,246.0,132.0,275.0,135.0,96.0,109.0,152.0,168.0,181.0,159.0,153.0,164.0,57.0,170.0,80.0,121.0,202.0,144.0,181.0,152.0,197.0,97.0,184.0,178.0,38.0,154.0,40.0,158.0,82.0,48.0,148.0,202.0,130.0,122.0,79.0,249.0,96.0,127.0,154.0,192.0,42.0,68.0,183.0,96.0,49.0,165.0,86.0,48.0,173.0,240.0,71.0,166.0,154.0,72.0,53.0,48.0,122.0,70.0,149.0,84.0,338.0,40.0,150.0,130.0,137.0,156.0,18.0,26.0,80.0,70.0,127.0,32.0,74.0,32.0,77.0,31.0,86.0,28.0,80.0,64.0,30.0,59.0,4.0,104.0,112.0,78.0,68.0,140.0,29.0,56.0,8.0,19.0,54.0,37.0,62.0,118.0,118.0,131.0,87.0,66.0,47.0,86.0,18.0,17.0,44.0,29.0,24.0,10.0,48.0,17.0
490.0,577.0,231.0,926.0,1127.0,315.0,352.0,881.0,386.0,586.0,680.0,769.0,519.0,260.0,303.0,1858.0,488.0,1419.0,1379.0,264.0,245.0,638.0,414.0,626.0,456.0,166.0,117.0,479.0,365.0,803.0,388.0,130.0,596.0,1188.0,604.0,985.0,233.0,512.0,665.0,540.0,580.0,314.0,210.0,409.0,259.0,262.0,417.0,1036.0,371.0,651.0,126.0,459.0,670.0,838.0,360.0,599.0,200.0,216.0,832.0,299.0,954.0,625.0,503.0,730.0,402.0,488.0,522.0,791.0,142.0,549.0,393.0,233.0,791.0,509.0,650.0,507.0,229.0,268.0,609.0,644.0,582.0,650.0,361.0,216.0,810.0,311.0,175.0,279.0,546.0,259.0,87.0,425.0,725.0,497.0,606.0,723.0,691.0,291.0,226.0,257.0,335.0,476.0,413.0,274.0,448.0,476.0,624.0,448.0,262.0,408.0,567.0,223.0,442.0,388.0,295.0,389.0,362.0,656.0,688.0,164.0,397.0,489.0,241.0,104.0,369.0,921.0,218.0,631.0,566.0,594.0,278.0,233.0,555.0,447.0,329.0,268.0,157.0,207.0,264.0,149.0,306.0,516.0,612.0,465.0,241.0,188.0,444.0,625.0,329.0,592.0,346.0,491.0,278.0,580.0,857.0,177.0,184.0,532.0,375.0,753.0,142.0,407.0,269.0,362.0,415.0,593.0,327.0,147.0,366.0,145.0,314.0,188.0,171.0,470.0,383.0,253.0,359.0,187.0,482.0,274.0,153.0,243.0,282.0,706.0,426.0,345.0,637.0,990.0,624.0,523.0,439.0,409.0,251.0,258.0,174.0,351.0,180.0,473.0,482.0,253.0,107.0,250.0,500.0,179.0,466.0,310.0,601.0,186.0,158.0,366.0,393.0,205.0,189.0,60.0,167.0,193.0,148.0,247.0,134.0,181.0,115.0,159.0,74.0,273.0,243.0,598.0,112.0,159.0,178.0,638.0,434.0,340.0,153.0,312.0,269.0,993.0,2.0,49.0,315.0,312.0,452.0,296.0,340.0,247.0,171.0,255.0,175.0,284.0,242.0,257.0,152.0,589.0,345.0,635.0,383.0,256.0,312.0,289.0,351.0,653.0,489.0,199.0,365.0,315.0,313.0,247.0,147.0,141.0,153.0,281.0,363.0,273.0,490.0,296.0,224.0,499.0,254.0,226.0,387.0,183.0,142.0,280.0,55.0,256.0,436.0,159.0,198.0,356.0,0.0,240.0,180.0,383.0,36.0,319.0,149.0,127.0,170.0,302.0,151.0,370.0,319.0,16.0,190.0,236.0,194.0,264.0,331.0,46.0,113.0,207.0,77.0,69.0,283.0,252.0,304.0,238.0,130.0,132.0,123.0,177.0,185.0,103.0,167.0,26.0,242.0,73.0,46.0,36.0,58.0,83.0,37.0,53.0,72.0,63.0,73.0,112.0,1719.0,1223.0,938.0,1806.0,319.0,1129.0,876.0,259.0,633.0,552.0,1429.0,293.0,740.0,756.0,873.0,533.0,546.0,567.0,914.0,458.0,891.0,272.0,401.0,253.0,766.0,570.0,1188.0,197.0,478.0,282.0,451.0,341.0,1120.0,719.0,1359.0,259.0,446.0,844.0,523.0,281.0,1048.0,1278.0,1074.0,194.0,448.0,895.0,383.0,899.0,634.0,606.0,1077.0,537.0,716.0,605.0,999.0,679.0,295.0,1379.0,1154.0,319.0,169.0,736.0,1325.0,688.0,653.0,422.0,1378.0,619.0,319.0,212.0,421.0,427.0,391.0,0.0,484.0,531.0,318.0,62.0,688.0,721.0,310.0,719.0,454.0,990.0,104.0,183.0,180.0,435.0,633.0,612.0,336.0,1011.0,417.0,307.0,520.0,483.0,1185.0,422.0,0.0,137.0,908.0,517.0,125.0,521.0,210.0,628.0,351.0,471.0,283.0,898.0,261.0,787.0,425.0,455.0,1065.0,407.0,796.0,631.0,439.0,272.0,166.0,542.0,381.0,190.0,380.0,236.0,322.0,281.0,585.0,575.0,471.0,153.0,567.0,1078.0,857.0,175.0,807.0,589.0,351.0,760.0,256.0,318.0,611.0,331.0,323.0,464.0,241.0,757.0,892.0,130.0,480.0,267.0,531.0,485.0,425.0,351.0,766.0,395.0,359.0,128.0,942.0,297.0,455.0,267.0,345.0,368.0,281.0,420.0,199.0,560.0,342.0,524.0,552.0,630.0,171.0,34.0,616.0,330.0,829.0,52.0,301.0,363.0,227.0,320.0,717.0,351.0,362.0,580.0,335.0,141.0,360.0,340.0,428.0,498.0,314.0,511.0,381.0,123.0,168.0,476.0,202.0,339.0,24.0,263.0,455.0,142.0,172.0,457.0,400.0,284.0,429.0,470.0,485.0,0.0,635.0,597.0,391.0,678.0,189.0,532.0,68.0,142.0,305.0,594.0,0.0,113.0,299.0,184.0,355.0,233.0,206.0,151.0,409.0,568.0,231.0,322.0,380.0,650.0,490.0,194.0,221.0,375.0,374.0,438.0,200.0,689.0,275.0,271.0,314.0,396.0,87.0,652.0,408.0,466.0,171.0,301.0,87.0,326.0,84.0,102.0,237.0,446.0,245.0,315.0,291.0,303.0,317.0,166.0,430.0,640.0,98.0,111.0,194.0,266.0,194.0,68.0,167.0,174.0,495.0,248.0,614.0,266.0,352.0,119.0,297.0,114.0,262.0,115.0,290.0,51.0,103.0,139.0,162.0,196.0,216.0,0.0,216.0,195.0,273.0,225.0,181.0,365.0,82.0,84.0,195.0,161.0,98.0,176.0,206.0,203.0,272.0,103.0,201.0,172.0,188.0,167.0,17.0,250.0,229.0,229.0,183.0,165.0,176.0,166.0,100.0,140.0,161.0,149.0,193.0,70.0,5.0,67.0,22.0,121.0,154.0,93.0,219.0,130.0,76.0,92.0,82.0,158.0,49.0,42.0,39.0,94.0
770.0,179.0,70.0,538.0,116.0,26.0,360.0,228.0,486.0,339.0,134.0,400.0,373.0,242.0,593.0,10.0,231.0,290.0,461.0,924.0,678.0,320.0,205.0,251.0,192.0,378.0,394.0,379.0,83.0,144.0,306.0,299.0,419.0,418.0,314.0,378.0,224.0,460.0,44.0,335.0,239.0,168.0,629.0,242.0,739.0,282.0,299.0,137.0,261.0,587.0,71.0,472.0,390.0,219.0,170.0,170.0,75.0,296.0,431.0,258.0,203.0,247.0,237.0,184.0,184.0,557.0,150.0,111.0,439.0,238.0,546.0,327.0,248.0,410.0,60.0,172.0,548.0,148.0,304.0,278.0,216.0,144.0,268.0,282.0,208.0,349.0,325.0,79.0,411.0,218.0,244.0,521.0,275.0,60.0,132.0,368.0,268.0,265.0,0.0,345.0,136.0,78.0,152.0,139.0,188.0,211.0,235.0,58.0,60.0,181.0,379.0,191.0,354.0,159.0,163.0,417.0,296.0,76.0,85.0,32.0,304.0,668.0,169.0,92.0,134.0,262.0,234.0,155.0,190.0,150.0,114.0,138.0,189.0,286.0,151.0,102.0,314.0,169.0,152.0,508.0,100.0,185.0,53.0,63.0,124.0,209.0,69.0,202.0,315.0,372.0,225.0,342.0,629.0,291.0,253.0,40.0,132.0,526.0,405.0,208.0,456.0,29.0,303.0,172.0,70.0,418.0,163.0,224.0,518.0,92.0,262.0,86.0,115.0,533.0,268.0,164.0,224.0,158.0,121.0,133.0,177.0,151.0,120.0,251.0,218.0,258.0,193.0,126.0,43.0,38.0,175.0,148.0,164.0,81.0,138.0,59.0,165.0,72.0,151.0,54.0,180.0,183.0,162.0,131.0,157.0,132.0,130.0,178.0,38.0,251.0,306.0,140.0,161.0,244.0,218.0,96.0,122.0,147.0,319.0,241.0,158.0,192.0,107.0,292.0,113.0,199.0,152.0,254.0,6.0,293.0,32.0,46.0,163.0,98.0,125.0,78.0,198.0,103.0,88.0,243.0,118.0,182.0,156.0,104.0,12.0,145.0,252.0,205.0,237.0,135.0,200.0,4.0,0.0,133.0,93.0,109.0,115.0,101.0,146.0,114.0,26.0,32.0,38.0,221.0,130.0,554.0,179.0,66.0,26.0,253.0,77.0,22.0,149.0,155.0,71.0,74.0,25.0,174.0,326.0,163.0,80.0,180.0,90.0,61.0,240.0,75.0,134.0,96.0,146.0,44.0,174.0,30.0,112.0,68.0,126.0,96.0,66.0,114.0,22.0,175.0,38.0,67.0,168.0,80.0,136.0,113.0,87.0,72.0,59.0,76.0,62.0,52.0,144.0,2.0,148.0,48.0,22.0,75.0,0.0,97.0,78.0,60.0,52.0,107.0,82.0,70.0,23.0,68.0,28.0,62.0,70.0,34.0,0.0,38.0,20.0,10.0,791.0,506.0,321.0,464.0,90.0,337.0,474.0,313.0,177.0,459.0,84.0,431.0,297.0,652.0,242.0,445.0,253.0,165.0,465.0,240.0,454.0,262.0,127.0,234.0,462.0,166.0,348.0,548.0,431.0,58.0,518.0,452.0,1098.0,604.0,268.0,88.0,181.0,635.0,205.0,280.0,317.0,283.0,122.0,121.0,280.0,473.0,214.0,555.0,230.0,310.0,268.0,237.0,211.0,392.0,334.0,489.0,551.0,70.0,83.0,306.0,757.0,231.0,302.0,133.0,129.0,586.0,150.0,221.0,177.0,363.0,275.0,404.0,92.0,563.0,618.0,215.0,356.0,29.0,76.0,125.0,233.0,213.0,405.0,162.0,80.0,337.0,77.0,206.0,73.0,62.0,321.0,244.0,152.0,160.0,186.0,473.0,74.0,133.0,59.0,362.0,134.0,148.0,485.0,206.0,397.0,282.0,505.0,50.0,163.0,435.0,282.0,179.0,236.0,8.0,324.0,190.0,185.0,185.0,223.0,128.0,249.0,221.0,381.0,377.0,60.0,538.0,270.0,456.0,151.0,145.0,142.0,0.0,150.0,277.0,40.0,149.0,495.0,284.0,112.0,68.0,112.0,281.0,385.0,233.0,273.0,185.0,124.0,88.0,379.0,366.0,117.0,223.0,130.0,87.0,412.0,190.0,219.0,252.0,161.0,365.0,42.0,54.0,240.0,106.0,361.0,214.0,196.0,332.0,266.0,232.0,122.0,126.0,238.0,353.0,265.0,323.0,328.0,176.0,167.0,163.0,99.0,223.0,188.0,358.0,103.0,108.0,172.0,67.0,137.0,131.0,69.0,260.0,115.0,60.0,227.0,133.0,115.0,132.0,253.0,124.0,197.0,143.0,322.0,188.0,156.0,189.0,70.0,64.0,126.0,12.0,160.0,172.0,56.0,290.0,16.0,629.0,362.0,239.0,48.0,141.0,226.0,252.0,411.0,38.0,124.0,39.0,99.0,32.0,242.0,82.0,120.0,221.0,124.0,401.0,194.0,155.0,68.0,42.0,72.0,108.0,54.0,176.0,196.0,150.0,164.0,134.0,114.0,125.0,144.0,46.0,20.0,73.0,205.0,117.0,160.0,143.0,105.0,85.0,236.0,111.0,78.0,149.0,286.0,217.0,281.0,213.0,100.0,242.0,115.0,244.0,94.0,29.0,65.0,161.0,137.0,138.0,42.0,186.0,120.0,166.0,127.0,195.0,186.0,55.0,63.0,96.0,96.0,95.0,168.0,58.0,34.0,26.0,140.0,22.0,62.0,54.0,76.0,148.0,190.0,170.0,131.0,151.0,72.0,135.0,198.0,86.0,93.0,63.0,18.0,86.0,103.0,54.0,150.0,170.0,113.0,95.0,114.0,115.0,18.0,34.0,77.0,93.0,60.0,68.0,67.0,55.0,44.0,36.0,94.0,28.0,22.0,34.0,35.0,58.0,19.0,43.0,63.0,36.0,42.0,21.0,30.0,10.0,32.0,42.0,0.0,41.0
1684.0,2043.0,1663.0,2334.0,1669.0,1873.0,1321.0,1717.0,1906.0,2059.0,1565.0,1502.0,920.0,1563.0,1646.0,1419.0,1876.0,1629.0,1192.0,1427.0,1272.0,964.0,873.0,929.0,1540.0,971.0,1652.0,848.0,1174.0,1810.0,1356.0,1208.0,1083.0,1460.0,2191.0,1701.0,810.0,1281.0,1142.0,1508.0,877.0,771.0,1528.0,925.0,969.0,1255.0,774.0,1190.0,1240.0,708.0,798.0,1598.0,1347.0,1713.0,1360.0,1241.0,1072.0,765.0,1759.0,1153.0,1129.0,1548.0,902.0,1139.0,1263.0,914.0,719.0,1455.0,954.0,708.0,887.0,831.0,1059.0,1242.0,758.0,1041.0,1184.0,475.0,712.0,1296.0,658.0,975.0,1027.0,687.0,1159.0,1285.0,745.0,1230.0,676.0,823.0,1039.0,892.0,1197.0,949.0,1199.0,806.0,1497.0,1223.0,670.0,973.0,1168.0,622.0,690.0,720.0,1129.0,365.0,893.0,1445.0,1604.0,927.0,754.0,1213.0,1053.0,1173.0,1032.0,622.0,941.0,637.0,692.0,406.0,868.0,620.0,1231.0,1293.0,767.0,1149.0,619.0,894.0,921.0,451.0,1039.0,880.0,1377.0,511.0,1167.0,675.0,518.0,436.0,864.0,1382.0,1004.0,804.0,1075.0,738.0,747.0,710.0,671.0,807.0,772.0,696.0,638.0,694.0,1069.0,751.0,862.0,703.0,860.0,672.0,726.0,1628.0,554.0,738.0,945.0,556.0,1017.0,624.0,792.0,1219.0,692.0,629.0,1251.0,1004.0,1126.0,1304.0,618.0,456.0,791.0,1130.0,1189.0,1657.0,883.0,250.0,482.0,1115.0,854.0,947.0,799.0,1486.0,746.0,599.0,685.0,960.0,704.0,416.0,781.0,779.0,520.0,641.0,1042.0,802.0,1196.0,696.0,918.0,654.0,1443.0,607.0,534.0,763.0,969.0,381.0,925.0,656.0,512.0,661.0,1341.0,679.0,657.0,577.0,818.0,988.0,739.0,561.0,448.0,360.0,397.0,912.0,1082.0,228.0,818.0,271.0,902.0,651.0,624.0,636.0,1013.0,831.0,511.0,468.0,554.0,677.0,966.0,776.0,599.0,741.0,550.0,480.0,883.0,1069.0,597.0,385.0,358.0,541.0,467.0,569.0,611.0,503.0,883.0,153.0,532.0,776.0,594.0,284.0,432.0,368.0,826.0,334.0,668.0,534.0,409.0,689.0,646.0,425.0,434.0,578.0,472.0,909.0,391.0,537.0,378.0,386.0,447.0,627.0,751.0,348.0,392.0,364.0,596.0,411.0,404.0,387.0,552.0,321.0,1139.0,488.0,314.0,479.0,305.0,364.0,371.0,674.0,322.0,295.0,798.0,482.0,385.0,412.0,413.0,498.0,586.0,405.0,298.0,394.0,584.0,316.0,252.0,329.0,411.0,205.0,543.0,244.0,208.0,212.0,213.0,326.0,188.0,250.0,291.0,117.0,209.0,248.0,271.0,172.0,124.0,136.0,146.0,94.0,3202.0,3151.0,1774.0,1130.0,1824.0,1682.0,1074.0,1850.0,2821.0,1531.0,3100.0,2399.0,1302.0,2061.0,1509.0,1609.0,2066.0,2554.0,2301.0,867.0,1628.0,2561.0,2764.0,2789.0,1810.0,2532.0,2258.0,1932.0,1820.0,1932.0,1457.0,1356.0,1251.0,2103.0,1413.0,584.0,2126.0,1745.0,915.0,1559.0,711.0,1565.0,1440.0,1288.0,1187.0,1774.0,1145.0,1869.0,730.0,2515.0,2508.0,594.0,1601.0,1578.0,1646.0,1525.0,1666.0,1357.0,1927.0,1645.0,1088.0,2295.0,1086.0,1245.0,2001.0,1859.0,1319.0,2017.0,1854.0,2360.0,1997.0,1357.0,1137.0,1754.0,1240.0,945.0,1356.0,1741.0,1541.0,845.0,850.0,1210.0,1270.0,1244.0,1059.0,866.0,1505.0,1091.0,1756.0,1045.0,2341.0,1076.0,1614.0,1906.0,1435.0,941.0,2481.0,787.0,766.0,1392.0,857.0,1372.0,808.0,1027.0,2280.0,1144.0,401.0,998.0,1083.0,1164.0,1023.0,998.0,785.0,1886.0,1022.0,879.0,2339.0,1000.0,1042.0,939.0,1060.0,782.0,1448.0,795.0,1036.0,1558.0,1361.0,996.0,1041.0,726.0,1182.0,1277.0,398.0,1408.0,1364.0,659.0,1691.0,876.0,711.0,987.0,1293.0,1335.0,1180.0,831.0,2018.0,987.0,1328.0,1021.0,862.0,1161.0,1125.0,1110.0,876.0,936.0,1344.0,588.0,1057.0,965.0,1323.0,1048.0,931.0,797.0,805.0,841.0,961.0,1314.0,640.0,1143.0,836.0,1316.0,936.0,870.0,442.0,1788.0,896.0,608.0,1498.0,1161.0,892.0,1272.0,1188.0,499.0,729.0,791.0,1067.0,578.0,708.0,709.0,828.0,1314.0,588.0,415.0,1417.0,681.0,913.0,1388.0,1054.0,713.0,1256.0,1051.0,1159.0,819.0,580.0,654.0,416.0,917.0,725.0,537.0,859.0,960.0,650.0,848.0,1137.0,931.0,664.0,816.0,815.0,1247.0,813.0,1311.0,699.0,1045.0,318.0,643.0,812.0,764.0,700.0,950.0,1220.0,1155.0,418.0,986.0,591.0,817.0,1150.0,590.0,766.0,850.0,794.0,864.0,699.0,849.0,874.0,486.0,571.0,866.0,415.0,1065.0,780.0,638.0,926.0,373.0,1091.0,474.0,924.0,405.0,623.0,650.0,773.0,751.0,336.0,504.0,1013.0,838.0,368.0,921.0,388.0,674.0,928.0,644.0,489.0,409.0,544.0,616.0,602.0,796.0,340.0,392.0,911.0,378.0,528.0,364.0,712.0,375.0,602.0,693.0,426.0,560.0,580.0,819.0,300.0,339.0,597.0,226.0,455.0,514.0,492.0,396.0,290.0,251.0,500.0,648.0,620.0,497.0,537.0,346.0,493.0,540.0,439.0,303.0,325.0,263.0,648.0,427.0,770.0,427.0,239.0,415.0,127.0,246.0,390.0,341.0,212.0,364.0,391.0,142.0,233.0,174.0,276.0,362.0,489.0,456.0,297.0,340.0,238.0,240.0,222.0,192.0,325.0,265.0,161.0,219.0,209.0,145.0,160.0,162.0
704.0,467.0,200.0,224.0,266.0,147.0,413.0,221.0,334.0,182.0,48.0,279.0,374.0,253.0,309.0,281.0,64.0,104.0,426.0,477.0,232.0,127.0,241.0,159.0,114.0,239.0,219.0,152.0,256.0,434.0,196.0,214.0,258.0,58.0,162.0,70.0,239.0,199.0,221.0,412.0,80.0,434.0,4.0,299.0,76.0,209.0,59.0,338.0,284.0,202.0,150.0,152.0,515.0,113.0,152.0,239.0,14.0,196.0,304.0,84.0,189.0,193.0,264.0,274.0,227.0,140.0,119.0,93.0,0.0,244.0,172.0,341.0,195.0,216.0,114.0,222.0,86.0,2.0,762.0,189.0,311.0,183.0,305.0,296.0,209.0,186.0,204.0,292.0,359.0,6.0,278.0,76.0,98.0,35.0,286.0,307.0,211.0,275.0,238.0,262.0,94.0,118.0,137.0,98.0,133.0,81.0,28.0,267.0,258.0,155.0,469.0,103.0,354.0,459.0,174.0,155.0,135.0,216.0,68.0,228.0,211.0,146.0,280.0,181.0,151.0,115.0,149.0,110.0,205.0,271.0,94.0,132.0,221.0,104.0,303.0,236.0,69.0,199.0,127.0,176.0,101.0,170.0,218.0,199.0,65.0,93.0,153.0,187.0,471.0,67.0,74.0,316.0,212.0,194.0,38.0,43.0,170.0,209.0,314.0,229.0,104.0,307.0,184.0,147.0,71.0,81.0,56.0,256.0,154.0,40.0,229.0,95.0,108.0,232.0,246.0,202.0,185.0,394.0,173.0,132.0,139.0,124.0,120.0,119.0,123.0,146.0,76.0,106.0,145.0,62.0,156.0,130.0,34.0,290.0,199.0,110.0,214.0,160.0,59.0,223.0,348.0,122.0,226.0,6.0,129.0,192.0,104.0,88.0,444.0,88.0,305.0,241.0,118.0,48.0,121.0,128.0,146.0,89.0,122.0,68.0,48.0,11.0,146.0,114.0,143.0,176.0,48.0,64.0,209.0,178.0,23.0,55.0,25.0,117.0,112.0,204.0,161.0,64.0,158.0,88.0,278.0,202.0,162.0,391.0,77.0,144.0,127.0,180.0,96.0,109.0,56.0,160.0,0.0,23.0,286.0,107.0,224.0,98.0,36.0,209.0,71.0,88.0,82.0,196.0,26.0,148.0,261.0,126.0,44.0,155.0,58.0,72.0,2.0,159.0,25.0,85.0,30.0,59.0,95.0,150.0,201.0,67.0,79.0,65.0,89.0,161.0,126.0,129.0,73.0,134.0,71.0,84.0,128.0,134.0,102.0,148.0,95.0,204.0,36.0,113.0,67.0,95.0,139.0,123.0,167.0,146.0,70.0,61.0,82.0,64.0,23.0,206.0,57.0,78.0,50.0,17.0,55.0,28.0,230.0,60.0,38.0,41.0,50.0,18.0,81.0,63.0,112.0,64.0,32.0,38.0,12.0,77.0,46.0,34.0,26.0,52.0,407.0,361.0,267.0,177.0,294.0,87.0,488.0,564.0,154.0,575.0,657.0,237.0,220.0,625.0,358.0,117.0,395.0,382.0,342.0,564.0,0.0,0.0,237.0,356.0,357.0,97.0,506.0,290.0,215.0,400.0,707.0,271.0,195.0,409.0,107.0,295.0,205.0,0.0,180.0,69.0,154.0,240.0,181.0,486.0,364.0,528.0,173.0,320.0,206.0,456.0,285.0,81.0,337.0,77.0,138.0,283.0,193.0,898.0,536.0,57.0,181.0,383.0,375.0,699.0,220.0,188.0,251.0,218.0,283.0,241.0,285.0,482.0,362.0,102.0,319.0,261.0,101.0,278.0,462.0,485.0,113.0,232.0,255.0,108.0,428.0,396.0,2.0,86.0,213.0,470.0,81.0,135.0,359.0,165.0,212.0,321.0,304.0,354.0,114.0,402.0,76.0,610.0,175.0,118.0,223.0,465.0,105.0,140.0,95.0,222.0,209.0,257.0,58.0,285.0,311.0,87.0,282.0,290.0,397.0,104.0,91.0,210.0,511.0,453.0,245.0,111.0,379.0,104.0,207.0,218.0,301.0,20.0,262.0,40.0,68.0,210.0,284.0,517.0,170.0,388.0,612.0,182.0,189.0,105.0,11.0,221.0,137.0,107.0,270.0,142.0,164.0,371.0,58.0,225.0,184.0,251.0,362.0,321.0,110.0,413.0,263.0,360.0,0.0,232.0,178.0,42.0,86.0,164.0,251.0,251.0,154.0,76.0,149.0,142.0,158.0,162.0,217.0,208.0,373.0,139.0,253.0,264.0,122.0,200.0,250.0,107.0,129.0,35.0,192.0,105.0,325.0,247.0,217.0,95.0,46.0,282.0,383.0,246.0,182.0,161.0,123.0,490.0,144.0,105.0,125.0,30.0,233.0,186.0,432.0,123.0,290.0,141.0,245.0,137.0,136.0,63.0,120.0,409.0,206.0,176.0,108.0,284.0,127.0,80.0,348.0,187.0,193.0,287.0,109.0,48.0,203.0,217.0,105.0,173.0,90.0,28.0,77.0,272.0,140.0,162.0,272.0,124.0,76.0,108.0,239.0,141.0,104.0,215.0,142.0,127.0,98.0,0.0,233.0,107.0,109.0,107.0,223.0,102.0,206.0,177.0,119.0,98.0,51.0,124.0,59.0,66.0,77.0,29.0,43.0,83.0,138.0,186.0,201.0,72.0,104.0,68.0,83.0,167.0,58.0,158.0,109.0,46.0,136.0,82.0,211.0,46.0,235.0,91.0,136.0,100.0,149.0,141.0,146.0,183.0,176.0,178.0,164.0,12.0,255.0,128.0,33.0,57.0,78.0,50.0,122.0,112.0,46.0,130.0,46.0,20.0,92.0,127.0,92.0,31.0,23.0,42.0,0.0,38.0,73.0,47.0,142.0,94.0,184.0,50.0,93.0,63.0,83.0,119.0,70.0,99.0,18.0,129.0,19.0,170.0,87.0,48.0,100.0,37.0,21.0,24.0,30.0,43.0,81.0,50.0,32.0,25.0
1204.0,1022.0,1322.0,930.0,1072.0,237.0,544.0,486.0,780.0,888.0,312.0,666.0,810.0,704.0,566.0,556.0,668.0,230.0,530.0,710.0,1706.0,198.0,715.0,52.0,473.0,1174.0,780.0,212.0,1136.0,589.0,794.0,618.0,586.0,538.0,292.0,712.0,552.0,800.0,264.0,914.0,718.0,472.0,730.0,749.0,122.0,370.0,373.0,550.0,280.0,678.0,586.0,314.0,424.0,580.0,658.0,372.0,666.0,691.0,1046.0,386.0,858.0,482.0,673.0,836.0,372.0,570.0,616.0,382.0,442.0,300.0,546.0,248.0,284.0,548.0,28.0,623.0,672.0,320.0,346.0,640.0,538.0,232.0,1547.0,464.0,1375.0,182.0,1526.0,290.0,360.0,632.0,330.0,601.0,160.0,230.0,294.0,668.0,424.0,1556.0,394.0,203.0,784.0,566.0,402.0,468.0,1377.0,248.0,791.0,374.0,556.0,541.0,394.0,533.0,915.0,278.0,568.0,618.0,257.0,160.0,424.0,378.0,220.0,404.0,46.0,384.0,10.0,256.0,391.0,206.0,654.0,312.0,172.0,114.0,396.0,217.0,884.0,368.0,215.0,650.0,72.0,1096.0,396.0,628.0,219.0,315.0,630.0,540.0,534.0,850.0,509.0,775.0,407.0,816.0,119.0,770.0,254.0,242.0,906.0,322.0,669.0,579.0,610.0,615.0,476.0,411.0,712.0,288.0,395.0,660.0,52.0,606.0,524.0,802.0,730.0,940.0,468.0,448.0,271.0,816.0,422.0,294.0,532.0,416.0,496.0,456.0,401.0,310.0,387.0,367.0,102.0,521.0,700.0,662.0,634.0,586.0,829.0,146.0,290.0,246.0,270.0,198.0,790.0,146.0,621.0,344.0,504.0,422.0,497.0,466.0,366.0,676.0,230.0,142.0,218.0,541.0,262.0,840.0,50.0,262.0,238.0,175.0,360.0,471.0,424.0,182.0,286.0,192.0,334.0,138.0,556.0,607.0,148.0,180.0,372.0,334.0,58.0,396.0,696.0,138.0,122.0,88.0,310.0,370.0,454.0,614.0,354.0,376.0,461.0,268.0,232.0,318.0,280.0,108.0,928.0,196.0,304.0,128.0,392.0,318.0,166.0,352.0,286.0,172.0,462.0,166.0,180.0,196.0,306.0,287.0,184.0,449.0,312.0,228.0,198.0,172.0,226.0,546.0,177.0,516.0,158.0,406.0,226.0,578.0,312.0,308.0,182.0,204.0,412.0,108.0,432.0,254.0,508.0,6.0,324.0,178.0,242.0,206.0,147.0,192.0,120.0,48.0,334.0,314.0,32.0,198.0,206.0,321.0,64.0,122.0,132.0,162.0,176.0,118.0,120.0,102.0,322.0,154.0,100.0,86.0,224.0,174.0,307.0,46.0,106.0,252.0,52.0,122.0,136.0,62.0,102.0,224.0,48.0,96.0,74.0,156.0,104.0,64.0,772.0,880.0,776.0,202.0,604.0,620.0,502.0,1524.0,650.0,468.0,394.0,522.0,884.0,1115.0,392.0,1074.0,658.0,922.0,497.0,470.0,308.0,449.0,828.0,356.0,362.0,698.0,1012.0,527.0,664.0,500.0,360.0,578.0,236.0,394.0,550.0,190.0,196.0,1040.0,258.0,464.0,320.0,812.0,994.0,524.0,254.0,459.0,358.0,478.0,1538.0,378.0,767.0,400.0,514.0,456.0,358.0,275.0,1312.0,888.0,398.0,600.0,283.0,1032.0,814.0,386.0,352.0,606.0,333.0,570.0,224.0,1028.0,845.0,534.0,766.0,834.0,573.0,586.0,380.0,764.0,354.0,1143.0,163.0,518.0,242.0,743.0,716.0,450.0,492.0,594.0,162.0,590.0,797.0,391.0,428.0,644.0,277.0,395.0,636.0,56.0,84.0,244.0,440.0,214.0,447.0,264.0,64.0,410.0,768.0,420.0,558.0,630.0,502.0,274.0,362.0,596.0,238.0,460.0,204.0,440.0,216.0,730.0,913.0,165.0,226.0,443.0,639.0,324.0,508.0,110.0,373.0,340.0,64.0,786.0,378.0,246.0,350.0,132.0,1248.0,314.0,390.0,350.0,112.0,238.0,555.0,508.0,266.0,588.0,126.0,184.0,503.0,794.0,28.0,641.0,240.0,424.0,482.0,511.0,275.0,594.0,388.0,309.0,408.0,592.0,685.0,406.0,536.0,599.0,76.0,224.0,226.0,188.0,384.0,420.0,380.0,366.0,280.0,210.0,676.0,368.0,324.0,376.0,488.0,78.0,8.0,134.0,150.0,228.0,266.0,620.0,148.0,110.0,551.0,152.0,580.0,214.0,274.0,196.0,520.0,452.0,158.0,328.0,256.0,658.0,396.0,142.0,544.0,564.0,228.0,270.0,268.0,286.0,162.0,402.0,304.0,414.0,644.0,607.0,418.0,660.0,437.0,365.0,548.0,100.0,228.0,178.0,90.0,150.0,260.0,176.0,384.0,224.0,304.0,379.0,325.0,184.0,234.0,234.0,246.0,302.0,358.0,198.0,306.0,344.0,146.0,240.0,170.0,292.0,117.0,218.0,292.0,261.0,218.0,242.0,140.0,182.0,38.0,206.0,374.0,126.0,487.0,244.0,195.0,152.0,338.0,338.0,182.0,154.0,164.0,530.0,450.0,168.0,264.0,118.0,322.0,94.0,254.0,634.0,437.0,142.0,108.0,206.0,254.0,290.0,254.0,295.0,134.0,88.0,146.0,396.0,298.0,260.0,80.0,106.0,298.0,100.0,72.0,201.0,274.0,130.0,181.0,58.0,278.0,156.0,112.0,370.0,234.0,264.0,220.0,256.0,252.0,82.0,188.0,296.0,94.0,178.0,82.0,114.0,124.0,150.0,142.0,94.0,107.0,76.0,150.0,32.0,92.0,132.0,144.0,178.0,238.0,292.0,80.0,48.0,188.0,31.0,90.0,116.0,182.0,48.0,225.0,72.0,114.0,58.0,74.0,120.0,103.0,52.0
3687.0,3542.0,2475.0,648.0,835.0,1963.0,483.0,788.0,400.0,2302.0,642.0,634.0,1497.0,2432.0,1215.0,3142.0,2805.0,1698.0,934.0,429.0,2286.0,2284.0,1626.0,1968.0,1210.0,710.0,316.0,1357.0,1288.0,1363.0,464.0,2044.0,480.0,789.0,1692.0,1018.0,2490.0,1706.0,232.0,447.0,1353.0,166.0,1231.0,940.0,1227.0,3075.0,768.0,663.0,848.0,1605.0,1495.0,2361.0,523.0,544.0,1687.0,205.0,887.0,1770.0,528.0,2609.0,1397.0,1911.0,1864.0,434.0,752.0,1425.0,801.0,983.0,1069.0,593.0,1415.0,630.0,341.0,1088.0,688.0,1258.0,1199.0,907.0,558.0,1761.0,1111.0,972.0,2436.0,671.0,1306.0,1524.0,235.0,2370.0,2684.0,1268.0,1413.0,1803.0,622.0,935.0,142.0,1327.0,654.0,2379.0,484.0,1172.0,219.0,2629.0,164.0,485.0,487.0,649.0,1160.0,338.0,861.0,294.0,576.0,261.0,1308.0,1203.0,889.0,869.0,719.0,2410.0,2224.0,116.0,468.0,1551.0,479.0,1860.0,1374.0,691.0,726.0,803.0,803.0,948.0,794.0,932.0,6.0,1043.0,2088.0,1659.0,1356.0,2048.0,803.0,2963.0,778.0,1069.0,952.0,1106.0,206.0,1265.0,516.0,2164.0,1065.0,433.0,1323.0,614.0,218.0,613.0,1315.0,1759.0,1651.0,471.0,498.0,444.0,1201.0,929.0,2000.0,1020.0,1514.0,641.0,920.0,897.0,742.0,418.0,1362.0,2546.0,406.0,896.0,927.0,1080.0,1552.0,602.0,1080.0,807.0,2647.0,20.0,1009.0,518.0,272.0,1373.0,1119.0,1003.0,1383.0,1551.0,82.0,196.0,1228.0,720.0,395.0,244.0,402.0,895.0,467.0,1786.0,1360.0,198.0,22.0,772.0,825.0,532.0,653.0,1010.0,797.0,217.0,339.0,509.0,426.0,306.0,677.0,785.0,903.0,1688.0,919.0,1160.0,1004.0,595.0,489.0,232.0,231.0,219.0,1169.0,774.0,794.0,244.0,1380.0,1040.0,405.0,466.0,312.0,979.0,567.0,636.0,329.0,728.0,288.0,511.0,524.0,1171.0,646.0,818.0,859.0,870.0,1689.0,914.0,302.0,501.0,931.0,437.0,185.0,757.0,567.0,413.0,466.0,236.0,336.0,515.0,296.0,304.0,831.0,1184.0,1155.0,1185.0,617.0,751.0,460.0,658.0,118.0,356.0,923.0,357.0,225.0,271.0,925.0,685.0,702.0,135.0,331.0,222.0,1529.0,0.0,692.0,386.0,684.0,171.0,965.0,167.0,1060.0,444.0,734.0,206.0,658.0,169.0,318.0,0.0,1316.0,263.0,285.0,537.0,272.0,351.0,309.0,297.0,748.0,266.0,394.0,180.0,90.0,292.0,368.0,313.0,322.0,403.0,216.0,369.0,259.0,387.0,149.0,205.0,52.0,443.0,683.0,108.0,185.0,176.0,48.0,225.0,139.0,452.0,102.0,90.0,1948.0,766.0,950.0,298.0,831.0,1135.0,429.0,1360.0,961.0,701.0,1371.0,419.0,710.0,604.0,1202.0,777.0,1041.0,995.0,310.0,339.0,754.0,1222.0,345.0,1041.0,883.0,273.0,99.0,1194.0,378.0,1396.0,724.0,460.0,826.0,760.0,794.0,359.0,834.0,880.0,169.0,295.0,1038.0,244.0,436.0,294.0,394.0,671.0,907.0,625.0,864.0,558.0,95.0,630.0,241.0,793.0,537.0,395.0,1149.0,698.0,361.0,974.0,1610.0,253.0,251.0,224.0,643.0,906.0,4.0,582.0,1175.0,515.0,306.0,738.0,430.0,330.0,1227.0,0.0,989.0,1716.0,487.0,964.0,782.0,371.0,981.0,510.0,1080.0,310.0,1772.0,414.0,114.0,482.0,745.0,518.0,1447.0,871.0,187.0,452.0,297.0,589.0,1450.0,1292.0,995.0,0.0,736.0,778.0,394.0,592.0,2322.0,490.0,452.0,366.0,278.0,348.0,845.0,220.0,171.0,287.0,526.0,333.0,204.0,333.0,589.0,407.0,609.0,436.0,573.0,266.0,600.0,530.0,505.0,583.0,422.0,605.0,706.0,309.0,290.0,290.0,307.0,118.0,263.0,538.0,1161.0,624.0,336.0,144.0,868.0,255.0,343.0,794.0,967.0,613.0,377.0,1761.0,237.0,643.0,572.0,483.0,312.0,897.0,583.0,259.0,299.0,257.0,774.0,348.0,626.0,364.0,279.0,101.0,534.0,440.0,355.0,339.0,228.0,327.0,713.0,406.0,313.0,145.0,397.0,994.0,405.0,996.0,113.0,100.0,456.0,2.0,827.0,1041.0,276.0,436.0,375.0,506.0,283.0,211.0,338.0,281.0,96.0,196.0,413.0,510.0,426.0,797.0,67.0,261.0,232.0,161.0,319.0,212.0,339.0,242.0,672.0,333.0,212.0,334.0,383.0,459.0,674.0,175.0,135.0,152.0,414.0,255.0,217.0,110.0,212.0,266.0,296.0,447.0,435.0,496.0,257.0,428.0,518.0,468.0,359.0,221.0,468.0,607.0,176.0,151.0,160.0,126.0,205.0,105.0,985.0,119.0,217.0,264.0,100.0,239.0,475.0,419.0,0.0,92.0,192.0,246.0,281.0,168.0,205.0,405.0,252.0,164.0,147.0,178.0,207.0,534.0,423.0,420.0,195.0,284.0,193.0,130.0,361.0,131.0,448.0,195.0,504.0,174.0,282.0,342.0,282.0,202.0,166.0,360.0,85.0,312.0,165.0,409.0,303.0,445.0,158.0,262.0,229.0,321.0,130.0,377.0,163.0,216.0,139.0,285.0,109.0,78.0,134.0,57.0,369.0,585.0,287.0,89.0,112.0,196.0,211.0,187.0,155.0,245.0,161.0,87.0,91.0,104.0,70.0,168.0,121.0,179.0,84.0,238.0,54.0,105.0,107.0,27.0,55.0,289.0,247.0,0.0,207.0,38.0,72.0,86.0,131.0,130.0,87.0,93.0,62.0,60.0,51.0,171.0,75.0,59.0
657.0,282.0,1809.0,702.0,728.0,568.0,1334.0,692.0,1102.0,472.0,437.0,299.0,422.0,790.0,757.0,383.0,781.0,433.0,873.0,402.0,382.0,945.0,262.0,118.0,909.0,742.0,973.0,469.0,404.0,468.0,967.0,696.0,437.0,418.0,385.0,196.0,548.0,613.0,459.0,953.0,893.0,936.0,166.0,374.0,994.0,627.0,464.0,460.0,549.0,124.0,729.0,707.0,619.0,768.0,497.0,199.0,825.0,476.0,721.0,297.0,446.0,410.0,104.0,983.0,734.0,303.0,260.0,387.0,557.0,501.0,250.0,332.0,202.0,400.0,378.0,368.0,427.0,370.0,1085.0,431.0,590.0,310.0,538.0,1097.0,377.0,444.0,474.0,419.0,167.0,737.0,994.0,218.0,373.0,594.0,392.0,268.0,781.0,1174.0,426.0,321.0,434.0,355.0,217.0,920.0,1084.0,157.0,306.0,48.0,420.0,305.0,397.0,504.0,411.0,975.0,702.0,473.0,364.0,424.0,213.0,371.0,415.0,458.0,706.0,331.0,287.0,251.0,484.0,125.0,309.0,110.0,369.0,265.0,327.0,647.0,172.0,718.0,552.0,195.0,88.0,352.0,437.0,666.0,697.0,397.0,514.0,269.0,269.0,774.0,458.0,830.0,343.0,596.0,686.0,366.0,396.0,298.0,229.0,590.0,886.0,375.0,193.0,345.0,462.0,800.0,345.0,541.0,594.0,222.0,227.0,220.0,438.0,473.0,216.0,318.0,337.0,53.0,370.0,255.0,393.0,516.0,586.0,947.0,488.0,440.0,62.0,643.0,311.0,325.0,247.0,698.0,88.0,389.0,89.0,400.0,244.0,191.0,208.0,179.0,552.0,404.0,659.0,302.0,439.0,382.0,393.0,430.0,321.0,87.0,302.0,485.0,207.0,173.0,535.0,156.0,174.0,648.0,636.0,342.0,412.0,352.0,527.0,189.0,105.0,199.0,788.0,664.0,720.0,113.0,307.0,215.0,190.0,234.0,318.0,243.0,264.0,285.0,261.0,253.0,207.0,333.0,420.0,297.0,194.0,441.0,122.0,550.0,401.0,324.0,255.0,201.0,154.0,307.0,358.0,518.0,217.0,368.0,465.0,650.0,216.0,324.0,247.0,276.0,172.0,285.0,194.0,178.0,201.0,107.0,172.0,554.0,177.0,163.0,287.0,222.0,163.0,178.0,156.0,389.0,77.0,265.0,396.0,176.0,359.0,226.0,140.0,130.0,130.0,165.0,210.0,613.0,496.0,56.0,135.0,286.0,162.0,582.0,89.0,194.0,163.0,136.0,120.0,198.0,210.0,149.0,369.0,401.0,121.0,76.0,193.0,142.0,142.0,134.0,296.0,90.0,371.0,144.0,90.0,32.0,142.0,207.0,80.0,101.0,115.0,274.0,251.0,50.0,52.0,1.0,56.0,44.0,145.0,265.0,53.0,86.0,44.0,62.0,1484.0,1040.0,1340.0,110.0,450.0,835.0,859.0,1044.0,1153.0,879.0,861.0,945.0,34.0,453.0,565.0,1748.0,775.0,1276.0,1074.0,521.0,1029.0,550.0,411.0,1009.0,446.0,1084.0,689.0,646.0,845.0,843.0,1057.0,426.0,1081.0,253.0,911.0,542.0,727.0,316.0,1082.0,1300.0,789.0,531.0,426.0,609.0,483.0,452.0,283.0,554.0,315.0,553.0,241.0,294.0,862.0,353.0,553.0,599.0,552.0,1032.0,289.0,1081.0,674.0,574.0,818.0,577.0,648.0,436.0,282.0,493.0,315.0,536.0,567.0,499.0,439.0,432.0,192.0,332.0,359.0,836.0,288.0,515.0,768.0,368.0,552.0,538.0,466.0,344.0,451.0,388.0,407.0,425.0,520.0,480.0,320.0,649.0,576.0,241.0,327.0,552.0,522.0,519.0,1034.0,487.0,443.0,880.0,454.0,587.0,387.0,377.0,20.0,527.0,345.0,453.0,225.0,615.0,304.0,541.0,309.0,411.0,364.0,609.0,244.0,413.0,799.0,441.0,392.0,298.0,309.0,554.0,661.0,972.0,301.0,428.0,354.0,641.0,369.0,416.0,276.0,453.0,511.0,489.0,240.0,247.0,317.0,435.0,431.0,432.0,422.0,426.0,271.0,567.0,281.0,407.0,231.0,377.0,274.0,154.0,164.0,914.0,234.0,195.0,291.0,303.0,202.0,134.0,423.0,250.0,541.0,81.0,373.0,410.0,333.0,437.0,329.0,243.0,444.0,100.0,418.0,129.0,501.0,410.0,155.0,545.0,464.0,799.0,292.0,305.0,452.0,553.0,117.0,408.0,172.0,250.0,314.0,181.0,831.0,704.0,561.0,209.0,280.0,455.0,331.0,321.0,565.0,252.0,339.0,180.0,439.0,311.0,351.0,177.0,252.0,23.0,250.0,389.0,300.0,468.0,381.0,247.0,320.0,360.0,197.0,129.0,438.0,157.0,146.0,334.0,189.0,416.0,797.0,444.0,206.0,358.0,229.0,381.0,167.0,220.0,143.0,266.0,148.0,262.0,80.0,161.0,176.0,191.0,217.0,219.0,318.0,113.0,253.0,516.0,110.0,474.0,191.0,129.0,69.0,296.0,281.0,93.0,261.0,283.0,249.0,146.0,295.0,82.0,82.0,150.0,327.0,182.0,259.0,359.0,469.0,510.0,285.0,268.0,209.0,199.0,119.0,201.0,170.0,158.0,353.0,314.0,138.0,294.0,153.0,286.0,56.0,152.0,93.0,35.0,24.0,31.0,241.0,76.0,76.0,285.0,126.0,186.0,28.0,100.0,191.0,237.0,106.0,78.0,306.0,364.0,156.0,248.0,218.0,68.0,98.0,133.0,195.0,155.0,287.0,204.0,105.0,75.0,30.0,98.0,92.0,113.0,113.0,61.0,138.0,76.0,180.0,59.0,64.0,107.0,164.0,45.0,254.0,56.0,78.0,54.0,37.0,107.0,18.0,48.0,32.0,51.0,88.0,84.0,52.0,78.0
